round,latency_ns
0,50
10,50
20,50
30,50
40,50
50,50
60,50
70,50
80,50
90,50
100,50
110,50
120,50
130,50
140,50
150,50
160,50
170,50
180,50
190,50
200,50
210,50
220,50
230,50
240,50
250,51
260,51
270,60
280,60
290,60
300,60
310,60
320,60
330,60
340,60
350,60
360,60
370,60
380,60
390,60
400,60
410,60
420,60
430,60
440,60
450,60
460,60
470,60
480,60
490,60
500,60
510,60
520,60
530,60
540,60
550,60
560,60
570,60
580,60
590,60
600,60
610,60
620,60
630,60
640,60
650,60
660,60
670,60
680,60
690,60
700,60
710,60
720,60
730,60
740,60
750,60
760,60
770,60
780,60
790,60
800,60
810,60
820,60
830,60
840,60
850,60
860,60
870,60
880,60
890,60
900,60
910,60
920,60
930,60
940,60
950,60
960,60
970,60
980,60
990,60
1000,60
1010,60
1020,60
1030,60
1040,60
1050,60
1060,60
1070,60
1080,60
1090,60
1100,60
1110,60
1120,60
1130,60
1140,60
1150,60
1160,60
1170,60
1180,60
1190,60
1200,60
1210,60
1220,60
1230,60
1240,60
1250,60
1260,60
1270,60
1280,60
1290,60
1300,60
1310,60
1320,60
1330,60
1340,60
1350,60
1360,60
1370,60
1380,60
1390,60
1400,60
1410,60
1420,60
1430,60
1440,60
1450,60
1460,60
1470,60
1480,60
1490,60
1500,60
1510,60
1520,60
1530,60
1540,60
1550,60
1560,60
1570,60
1580,60
1590,60
1600,60
1610,60
1620,60
1630,60
1640,60
1650,60
1660,60
1670,60
1680,60
1690,60
1700,60
1710,60
1720,60
1730,60
1740,60
1750,60
1760,60
1770,60
1780,60
1790,60
1800,60
1810,60
1820,60
1830,60
1840,60
1850,60
1860,60
1870,60
1880,60
1890,60
1900,60
1910,60
1920,60
1930,60
1940,60
1950,60
1960,60
1970,60
1980,60
1990,60
2000,60
2010,60
2020,60
2030,60
2040,60
2050,60
2060,60
2070,60
2080,60
2090,60
2100,60
2110,60
2120,60
2130,60
2140,60
2150,60
2160,60
2170,60
2180,60
2190,60
2200,60
2210,60
2220,60
2230,60
2240,60
2250,60
2260,60
2270,60
2280,60
2290,60
2300,60
2310,60
2320,60
2330,60
2340,60
2350,60
2360,60
2370,60
2380,60
2390,60
2400,60
2410,60
2420,60
2430,60
2440,60
2450,60
2460,60
2470,60
2480,60
2490,60
2500,60
2510,60
2520,60
2530,60
2540,60
2550,60
2560,60
2570,60
2580,60
2590,60
2600,60
2610,60
2620,60
2630,60
2640,60
2650,60
2660,60
2670,60
2680,60
2690,60
2700,60
2710,60
2720,60
2730,60
2740,60
2750,60
2760,60
2770,60
2780,60
2790,60
2800,60
2810,60
2820,60
2830,60
2840,60
2850,60
2860,60
2870,60
2880,60
2890,60
2900,60
2910,60
2920,60
2930,60
2940,60
2950,60
2960,60
2970,60
2980,60
2990,60
3000,60
3010,60
3020,60
3030,60
3040,60
3050,60
3060,60
3070,60
3080,60
3090,60
3100,60
3110,60
3120,60
3130,60
3140,60
3150,60
3160,60
3170,60
3180,60
3190,60
3200,60
3210,60
3220,60
3230,60
3240,60
3250,60
3260,60
3270,60
3280,60
3290,60
3300,60
3310,60
3320,60
3330,60
3340,60
3350,60
3360,60
3370,60
3380,60
3390,60
3400,60
3410,60
3420,60
3430,60
3440,60
3450,60
3460,60
3470,60
3480,60
3490,60
3500,60
3510,60
3520,60
3530,60
3540,60
3550,60
3560,60
3570,60
3580,60
3590,60
3600,60
3610,60
3620,60
3630,60
3640,60
3650,60
3660,60
3670,60
3680,60
3690,60
3700,60
3710,60
3720,60
3730,60
3740,60
3750,60
3760,60
3770,60
3780,60
3790,60
3800,60
3810,60
3820,60
3830,60
3840,60
3850,60
3860,60
3870,60
3880,60
3890,60
3900,60
3910,60
3920,60
3930,60
3940,60
3950,60
3960,60
3970,60
3980,60
3990,60
4000,60
4010,60
4020,60
4030,60
4040,60
4050,60
4060,60
4070,60
4080,60
4090,60
4100,60
4110,60
4120,60
4130,60
4140,60
4150,60
4160,60
4170,60
4180,60
4190,60
4200,60
4210,60
4220,60
4230,60
4240,60
4250,60
4260,60
4270,60
4280,60
4290,60
4300,60
4310,60
4320,60
4330,60
4340,60
4350,60
4360,60
4370,60
4380,60
4390,60
4400,60
4410,60
4420,60
4430,60
4440,60
4450,60
4460,60
4470,60
4480,60
4490,60
4500,60
4510,60
4520,60
4530,60
4540,60
4550,60
4560,60
4570,60
4580,60
4590,60
4600,60
4610,60
4620,60
4630,60
4640,60
4650,60
4660,60
4670,60
4680,60
4690,60
4700,60
4710,60
4720,60
4730,60
4740,60
4750,60
4760,60
4770,60
4780,60
4790,60
4800,60
4810,60
4820,60
4830,60
4840,60
4850,60
4860,60
4870,60
4880,60
4890,60
4900,60
4910,60
4920,60
4930,60
4940,60
4950,60
4960,60
4970,60
4980,60
4990,60
5000,60
5010,60
5020,60
5030,60
5040,60
5050,60
5060,60
5070,60
5080,60
5090,60
5100,60
5110,60
5120,60
5130,60
5140,60
5150,60
5160,60
5170,60
5180,60
5190,60
5200,60
5210,60
5220,60
5230,60
5240,60
5250,60
5260,60
5270,60
5280,60
5290,60
5300,60
5310,60
5320,60
5330,60
5340,60
5350,60
5360,60
5370,60
5380,60
5390,60
5400,60
5410,60
5420,60
5430,60
5440,60
5450,60
5460,60
5470,60
5480,60
5490,60
5500,60
5510,60
5520,60
5530,60
5540,60
5550,60
5560,60
5570,60
5580,60
5590,60
5600,60
5610,60
5620,60
5630,60
5640,60
5650,60
5660,60
5670,60
5680,60
5690,60
5700,60
5710,60
5720,60
5730,60
5740,60
5750,60
5760,60
5770,60
5780,60
5790,60
5800,60
5810,60
5820,60
5830,60
5840,60
5850,60
5860,60
5870,60
5880,60
5890,60
5900,60
5910,60
5920,60
5930,60
5940,60
5950,60
5960,60
5970,60
5980,60
5990,60
6000,60
6010,60
6020,60
6030,60
6040,60
6050,60
6060,60
6070,60
6080,60
6090,60
6100,60
6110,60
6120,60
6130,60
6140,60
6150,60
6160,60
6170,60
6180,60
6190,60
6200,60
6210,60
6220,60
6230,60
6240,60
6250,60
6260,60
6270,60
6280,60
6290,60
6300,60
6310,60
6320,60
6330,60
6340,60
6350,60
6360,60
6370,60
6380,60
6390,60
6400,60
6410,60
6420,60
6430,60
6440,60
6450,60
6460,60
6470,60
6480,60
6490,60
6500,60
6510,60
6520,60
6530,60
6540,60
6550,60
6560,60
6570,60
6580,60
6590,60
6600,60
6610,60
6620,60
6630,60
6640,60
6650,60
6660,60
6670,60
6680,60
6690,60
6700,60
6710,60
6720,60
6730,60
6740,60
6750,60
6760,60
6770,60
6780,60
6790,60
6800,60
6810,60
6820,60
6830,60
6840,60
6850,60
6860,60
6870,60
6880,60
6890,60
6900,60
6910,60
6920,60
6930,60
6940,60
6950,60
6960,60
6970,60
6980,60
6990,60
7000,60
7010,60
7020,60
7030,60
7040,60
7050,60
7060,60
7070,60
7080,60
7090,60
7100,60
7110,60
7120,60
7130,60
7140,60
7150,60
7160,60
7170,60
7180,60
7190,60
7200,60
7210,60
7220,60
7230,60
7240,60
7250,60
7260,60
7270,60
7280,60
7290,60
7300,60
7310,60
7320,60
7330,60
7340,60
7350,60
7360,60
7370,61
7380,61
7390,61
7400,61
7410,61
7420,61
7430,61
7440,61
7450,61
7460,61
7470,61
7480,61
7490,61
7500,61
7510,61
7520,61
7530,61
7540,61
7550,61
7560,61
7570,61
7580,61
7590,61
7600,61
7610,61
7620,61
7630,61
7640,61
7650,61
7660,61
7670,61
7680,61
7690,61
7700,61
7710,61
7720,61
7730,61
7740,61
7750,61
7760,61
7770,61
7780,61
7790,61
7800,61
7810,61
7820,61
7830,61
7840,61
7850,61
7860,61
7870,61
7880,61
7890,61
7900,61
7910,61
7920,61
7930,61
7940,61
7950,61
7960,61
7970,61
7980,61
7990,61
8000,61
8010,61
8020,61
8030,61
8040,61
8050,61
8060,61
8070,61
8080,61
8090,61
8100,61
8110,61
8120,61
8130,61
8140,61
8150,61
8160,61
8170,61
8180,61
8190,61
8200,61
8210,61
8220,61
8230,61
8240,61
8250,61
8260,70
8270,70
8280,70
8290,70
8300,70
8310,70
8320,70
8330,70
8340,70
8350,70
8360,70
8370,70
8380,70
8390,70
8400,70
8410,70
8420,70
8430,70
8440,70
8450,70
8460,70
8470,70
8480,70
8490,70
8500,70
8510,70
8520,70
8530,70
8540,70
8550,70
8560,70
8570,70
8580,70
8590,70
8600,70
8610,70
8620,70
8630,70
8640,70
8650,70
8660,70
8670,70
8680,70
8690,70
8700,70
8710,70
8720,70
8730,70
8740,70
8750,70
8760,70
8770,70
8780,70
8790,70
8800,70
8810,70
8820,70
8830,70
8840,70
8850,70
8860,70
8870,70
8880,70
8890,70
8900,70
8910,70
8920,70
8930,70
8940,70
8950,70
8960,70
8970,70
8980,70
8990,70
9000,70
9010,70
9020,70
9030,70
9040,70
9050,70
9060,70
9070,70
9080,70
9090,70
9100,70
9110,70
9120,70
9130,70
9140,70
9150,70
9160,70
9170,70
9180,70
9190,70
9200,70
9210,70
9220,70
9230,70
9240,70
9250,70
9260,70
9270,70
9280,70
9290,70
9300,70
9310,70
9320,70
9330,70
9340,70
9350,70
9360,70
9370,70
9380,70
9390,70
9400,70
9410,70
9420,70
9430,70
9440,70
9450,70
9460,70
9470,70
9480,70
9490,70
9500,70
9510,70
9520,70
9530,70
9540,70
9550,70
9560,70
9570,70
9580,70
9590,70
9600,70
9610,70
9620,70
9630,70
9640,70
9650,70
9660,70
9670,70
9680,70
9690,70
9700,70
9710,70
9720,70
9730,70
9740,70
9750,70
9760,70
9770,70
9780,70
9790,70
9800,70
9810,70
9820,70
9830,70
9840,70
9850,70
9860,70
9870,70
9880,70
9890,70
9900,70
9910,70
9920,70
9930,70
9940,70
9950,70
9960,70
9970,70
9980,70
9990,70
10000,70
10010,70
10020,70
10030,70
10040,70
10050,70
10060,70
10070,70
10080,70
10090,70
10100,70
10110,70
10120,70
10130,70
10140,70
10150,70
10160,70
10170,70
10180,70
10190,70
10200,70
10210,70
10220,70
10230,70
10240,70
10250,70
10260,70
10270,70
10280,70
10290,70
10300,70
10310,70
10320,70
10330,70
10340,70
10350,70
10360,70
10370,70
10380,70
10390,70
10400,70
10410,70
10420,70
10430,70
10440,70
10450,70
10460,70
10470,70
10480,70
10490,70
10500,70
10510,70
10520,70
10530,70
10540,70
10550,70
10560,70
10570,70
10580,70
10590,70
10600,70
10610,70
10620,70
10630,70
10640,70
10650,70
10660,70
10670,70
10680,70
10690,70
10700,70
10710,70
10720,70
10730,70
10740,70
10750,70
10760,70
10770,70
10780,70
10790,70
10800,70
10810,70
10820,70
10830,70
10840,70
10850,70
10860,70
10870,70
10880,70
10890,70
10900,70
10910,70
10920,70
10930,70
10940,70
10950,70
10960,70
10970,70
10980,70
10990,70
11000,70
11010,70
11020,70
11030,70
11040,70
11050,70
11060,70
11070,70
11080,70
11090,70
11100,70
11110,70
11120,70
11130,70
11140,70
11150,70
11160,70
11170,70
11180,70
11190,70
11200,70
11210,70
11220,70
11230,70
11240,70
11250,70
11260,70
11270,70
11280,70
11290,70
11300,70
11310,70
11320,70
11330,70
11340,70
11350,70
11360,70
11370,70
11380,70
11390,70
11400,70
11410,70
11420,70
11430,70
11440,70
11450,70
11460,70
11470,70
11480,70
11490,70
11500,70
11510,70
11520,70
11530,70
11540,70
11550,70
11560,70
11570,70
11580,70
11590,70
11600,70
11610,70
11620,70
11630,70
11640,70
11650,70
11660,70
11670,70
11680,70
11690,70
11700,70
11710,70
11720,70
11730,70
11740,70
11750,70
11760,70
11770,70
11780,70
11790,70
11800,70
11810,70
11820,70
11830,70
11840,70
11850,70
11860,70
11870,70
11880,70
11890,70
11900,70
11910,70
11920,70
11930,70
11940,70
11950,70
11960,70
11970,70
11980,70
11990,70
12000,70
12010,70
12020,70
12030,70
12040,70
12050,70
12060,70
12070,70
12080,70
12090,70
12100,70
12110,70
12120,70
12130,70
12140,70
12150,70
12160,70
12170,70
12180,70
12190,70
12200,70
12210,70
12220,70
12230,70
12240,70
12250,70
12260,70
12270,70
12280,70
12290,70
12300,70
12310,70
12320,70
12330,70
12340,70
12350,70
12360,70
12370,70
12380,70
12390,70
12400,70
12410,70
12420,70
12430,70
12440,70
12450,70
12460,70
12470,70
12480,70
12490,70
12500,70
12510,70
12520,70
12530,70
12540,70
12550,70
12560,70
12570,70
12580,70
12590,70
12600,70
12610,70
12620,70
12630,70
12640,70
12650,70
12660,70
12670,70
12680,70
12690,70
12700,70
12710,70
12720,70
12730,70
12740,70
12750,70
12760,70
12770,70
12780,70
12790,70
12800,70
12810,70
12820,70
12830,70
12840,70
12850,70
12860,70
12870,70
12880,70
12890,70
12900,70
12910,70
12920,70
12930,70
12940,70
12950,70
12960,70
12970,70
12980,70
12990,70
13000,70
13010,70
13020,70
13030,70
13040,70
13050,70
13060,70
13070,70
13080,70
13090,70
13100,70
13110,70
13120,70
13130,70
13140,70
13150,70
13160,70
13170,70
13180,70
13190,70
13200,70
13210,70
13220,70
13230,70
13240,70
13250,70
13260,70
13270,70
13280,70
13290,70
13300,70
13310,70
13320,70
13330,70
13340,70
13350,70
13360,70
13370,70
13380,70
13390,70
13400,70
13410,70
13420,70
13430,70
13440,70
13450,70
13460,70
13470,70
13480,70
13490,70
13500,70
13510,70
13520,70
13530,70
13540,70
13550,70
13560,70
13570,70
13580,70
13590,70
13600,70
13610,70
13620,70
13630,70
13640,70
13650,70
13660,70
13670,70
13680,70
13690,70
13700,70
13710,70
13720,70
13730,70
13740,70
13750,70
13760,70
13770,70
13780,70
13790,70
13800,70
13810,70
13820,70
13830,70
13840,70
13850,70
13860,70
13870,70
13880,70
13890,70
13900,70
13910,70
13920,70
13930,70
13940,70
13950,70
13960,70
13970,70
13980,70
13990,70
14000,70
14010,70
14020,70
14030,70
14040,70
14050,70
14060,70
14070,70
14080,70
14090,70
14100,70
14110,70
14120,70
14130,70
14140,70
14150,70
14160,70
14170,70
14180,70
14190,70
14200,70
14210,70
14220,70
14230,70
14240,70
14250,70
14260,70
14270,70
14280,70
14290,70
14300,70
14310,70
14320,70
14330,70
14340,70
14350,70
14360,70
14370,70
14380,70
14390,70
14400,70
14410,70
14420,70
14430,70
14440,70
14450,70
14460,70
14470,70
14480,70
14490,70
14500,70
14510,70
14520,70
14530,70
14540,70
14550,70
14560,70
14570,70
14580,70
14590,70
14600,70
14610,70
14620,70
14630,70
14640,70
14650,70
14660,70
14670,70
14680,70
14690,70
14700,70
14710,70
14720,70
14730,70
14740,70
14750,70
14760,70
14770,70
14780,70
14790,70
14800,70
14810,70
14820,70
14830,70
14840,70
14850,70
14860,70
14870,70
14880,70
14890,70
14900,70
14910,70
14920,70
14930,70
14940,70
14950,70
14960,70
14970,70
14980,70
14990,70
15000,70
15010,70
15020,70
15030,70
15040,70
15050,70
15060,70
15070,70
15080,70
15090,70
15100,70
15110,70
15120,70
15130,70
15140,70
15150,70
15160,70
15170,70
15180,70
15190,70
15200,70
15210,70
15220,70
15230,70
15240,70
15250,70
15260,70
15270,70
15280,70
15290,70
15300,70
15310,70
15320,70
15330,70
15340,70
15350,70
15360,70
15370,70
15380,70
15390,70
15400,70
15410,70
15420,70
15430,70
15440,70
15450,70
15460,70
15470,70
15480,70
15490,70
15500,70
15510,70
15520,70
15530,70
15540,70
15550,70
15560,70
15570,70
15580,70
15590,70
15600,70
15610,70
15620,70
15630,70
15640,70
15650,70
15660,70
15670,70
15680,70
15690,70
15700,70
15710,70
15720,70
15730,70
15740,70
15750,70
15760,70
15770,70
15780,70
15790,70
15800,70
15810,70
15820,70
15830,70
15840,70
15850,70
15860,70
15870,70
15880,70
15890,70
15900,70
15910,70
15920,70
15930,70
15940,70
15950,70
15960,70
15970,70
15980,70
15990,70
16000,70
16010,70
16020,70
16030,70
16040,70
16050,70
16060,70
16070,70
16080,70
16090,70
16100,70
16110,70
16120,70
16130,70
16140,70
16150,70
16160,70
16170,70
16180,70
16190,70
16200,70
16210,70
16220,70
16230,70
16240,70
16250,70
16260,70
16270,70
16280,70
16290,70
16300,70
16310,70
16320,70
16330,70
16340,70
16350,70
16360,70
16370,70
16380,70
16390,70
16400,70
16410,70
16420,70
16430,70
16440,70
16450,70
16460,70
16470,70
16480,70
16490,70
16500,70
16510,70
16520,70
16530,70
16540,70
16550,70
16560,70
16570,70
16580,70
16590,70
16600,70
16610,70
16620,70
16630,70
16640,70
16650,70
16660,70
16670,70
16680,70
16690,70
16700,70
16710,70
16720,70
16730,70
16740,70
16750,70
16760,70
16770,70
16780,70
16790,70
16800,70
16810,70
16820,70
16830,70
16840,70
16850,70
16860,70
16870,70
16880,70
16890,70
16900,70
16910,70
16920,70
16930,70
16940,70
16950,70
16960,70
16970,70
16980,70
16990,70
17000,70
17010,70
17020,70
17030,70
17040,70
17050,70
17060,70
17070,70
17080,70
17090,70
17100,70
17110,70
17120,70
17130,70
17140,70
17150,70
17160,70
17170,70
17180,70
17190,70
17200,70
17210,70
17220,70
17230,70
17240,70
17250,70
17260,70
17270,70
17280,70
17290,70
17300,70
17310,70
17320,70
17330,70
17340,70
17350,70
17360,70
17370,70
17380,70
17390,70
17400,70
17410,70
17420,70
17430,70
17440,70
17450,70
17460,70
17470,70
17480,70
17490,70
17500,70
17510,70
17520,70
17530,70
17540,70
17550,70
17560,70
17570,70
17580,70
17590,70
17600,70
17610,70
17620,70
17630,70
17640,70
17650,70
17660,70
17670,70
17680,70
17690,70
17700,70
17710,70
17720,70
17730,70
17740,70
17750,70
17760,70
17770,70
17780,70
17790,70
17800,70
17810,70
17820,70
17830,70
17840,70
17850,70
17860,70
17870,70
17880,70
17890,70
17900,70
17910,70
17920,70
17930,70
17940,70
17950,70
17960,70
17970,70
17980,70
17990,70
18000,70
18010,70
18020,70
18030,70
18040,70
18050,70
18060,70
18070,70
18080,70
18090,70
18100,70
18110,70
18120,70
18130,70
18140,70
18150,70
18160,70
18170,70
18180,70
18190,70
18200,70
18210,70
18220,70
18230,70
18240,70
18250,70
18260,70
18270,70
18280,70
18290,70
18300,70
18310,70
18320,70
18330,70
18340,70
18350,70
18360,70
18370,70
18380,70
18390,70
18400,70
18410,70
18420,70
18430,70
18440,70
18450,70
18460,70
18470,70
18480,70
18490,70
18500,70
18510,70
18520,70
18530,70
18540,70
18550,70
18560,70
18570,70
18580,70
18590,70
18600,70
18610,70
18620,70
18630,70
18640,70
18650,70
18660,70
18670,70
18680,70
18690,70
18700,70
18710,70
18720,70
18730,70
18740,70
18750,70
18760,70
18770,70
18780,70
18790,70
18800,70
18810,70
18820,70
18830,70
18840,70
18850,70
18860,70
18870,70
18880,70
18890,70
18900,70
18910,70
18920,70
18930,70
18940,70
18950,70
18960,70
18970,70
18980,70
18990,70
19000,70
19010,70
19020,70
19030,70
19040,70
19050,70
19060,70
19070,70
19080,70
19090,70
19100,70
19110,70
19120,70
19130,70
19140,70
19150,70
19160,70
19170,70
19180,70
19190,70
19200,70
19210,70
19220,70
19230,70
19240,70
19250,70
19260,70
19270,70
19280,70
19290,70
19300,70
19310,70
19320,70
19330,70
19340,70
19350,70
19360,70
19370,70
19380,70
19390,70
19400,70
19410,70
19420,70
19430,70
19440,70
19450,70
19460,70
19470,70
19480,70
19490,70
19500,70
19510,70
19520,70
19530,70
19540,70
19550,70
19560,70
19570,70
19580,70
19590,70
19600,70
19610,70
19620,70
19630,70
19640,70
19650,70
19660,70
19670,70
19680,70
19690,70
19700,70
19710,70
19720,70
19730,70
19740,70
19750,70
19760,70
19770,70
19780,70
19790,70
19800,70
19810,70
19820,70
19830,70
19840,70
19850,70
19860,70
19870,70
19880,70
19890,70
19900,70
19910,70
19920,70
19930,70
19940,70
19950,70
19960,70
19970,70
19980,70
19990,70
20000,70
20010,70
20020,70
20030,70
20040,70
20050,70
20060,70
20070,70
20080,70
20090,70
20100,70
20110,70
20120,70
20130,70
20140,70
20150,70
20160,70
20170,70
20180,70
20190,70
20200,70
20210,70
20220,70
20230,70
20240,70
20250,70
20260,70
20270,70
20280,70
20290,70
20300,70
20310,70
20320,70
20330,70
20340,70
20350,70
20360,70
20370,70
20380,70
20390,70
20400,70
20410,70
20420,70
20430,70
20440,70
20450,70
20460,70
20470,70
20480,70
20490,70
20500,70
20510,70
20520,70
20530,70
20540,70
20550,70
20560,70
20570,70
20580,70
20590,70
20600,70
20610,70
20620,70
20630,70
20640,70
20650,70
20660,70
20670,70
20680,70
20690,70
20700,70
20710,70
20720,70
20730,70
20740,70
20750,70
20760,70
20770,70
20780,70
20790,70
20800,70
20810,70
20820,70
20830,70
20840,70
20850,70
20860,70
20870,70
20880,70
20890,70
20900,70
20910,70
20920,70
20930,70
20940,70
20950,70
20960,70
20970,70
20980,70
20990,70
21000,70
21010,70
21020,70
21030,70
21040,70
21050,70
21060,70
21070,70
21080,70
21090,70
21100,70
21110,70
21120,70
21130,70
21140,70
21150,70
21160,70
21170,70
21180,70
21190,70
21200,70
21210,70
21220,70
21230,70
21240,70
21250,70
21260,70
21270,70
21280,70
21290,70
21300,70
21310,70
21320,70
21330,70
21340,70
21350,70
21360,70
21370,70
21380,70
21390,70
21400,70
21410,70
21420,70
21430,70
21440,70
21450,70
21460,70
21470,70
21480,70
21490,70
21500,70
21510,70
21520,70
21530,70
21540,70
21550,70
21560,70
21570,70
21580,70
21590,70
21600,70
21610,70
21620,70
21630,70
21640,70
21650,70
21660,70
21670,70
21680,70
21690,70
21700,70
21710,70
21720,70
21730,70
21740,70
21750,70
21760,70
21770,70
21780,70
21790,70
21800,70
21810,70
21820,70
21830,70
21840,70
21850,70
21860,70
21870,70
21880,70
21890,70
21900,70
21910,70
21920,70
21930,70
21940,70
21950,70
21960,70
21970,70
21980,70
21990,70
22000,70
22010,70
22020,70
22030,70
22040,70
22050,70
22060,70
22070,70
22080,70
22090,70
22100,70
22110,70
22120,70
22130,70
22140,70
22150,70
22160,70
22170,70
22180,70
22190,70
22200,70
22210,70
22220,70
22230,70
22240,70
22250,70
22260,70
22270,70
22280,70
22290,70
22300,70
22310,70
22320,70
22330,70
22340,70
22350,70
22360,70
22370,70
22380,70
22390,70
22400,70
22410,70
22420,70
22430,70
22440,70
22450,70
22460,70
22470,70
22480,70
22490,70
22500,70
22510,70
22520,70
22530,70
22540,70
22550,70
22560,70
22570,70
22580,70
22590,70
22600,70
22610,70
22620,70
22630,70
22640,70
22650,70
22660,70
22670,70
22680,70
22690,70
22700,70
22710,70
22720,70
22730,70
22740,70
22750,70
22760,70
22770,70
22780,70
22790,70
22800,70
22810,70
22820,70
22830,70
22840,70
22850,70
22860,70
22870,70
22880,70
22890,70
22900,70
22910,70
22920,70
22930,70
22940,70
22950,70
22960,70
22970,70
22980,70
22990,70
23000,70
23010,70
23020,70
23030,70
23040,70
23050,70
23060,70
23070,70
23080,70
23090,70
23100,70
23110,70
23120,70
23130,70
23140,70
23150,70
23160,70
23170,70
23180,71
23190,71
23200,71
23210,71
23220,71
23230,71
23240,71
23250,71
23260,71
23270,71
23280,71
23290,71
23300,71
23310,71
23320,71
23330,71
23340,71
23350,71
23360,71
23370,71
23380,71
23390,71
23400,71
23410,71
23420,71
23430,71
23440,71
23450,71
23460,71
23470,71
23480,71
23490,71
23500,71
23510,71
23520,71
23530,71
23540,71
23550,71
23560,71
23570,71
23580,71
23590,71
23600,71
23610,71
23620,71
23630,71
23640,71
23650,71
23660,71
23670,71
23680,71
23690,71
23700,71
23710,71
23720,71
23730,71
23740,71
23750,71
23760,71
23770,71
23780,71
23790,71
23800,71
23810,71
23820,71
23830,71
23840,71
23850,71
23860,71
23870,71
23880,71
23890,71
23900,71
23910,71
23920,71
23930,71
23940,71
23950,71
23960,71
23970,71
23980,71
23990,71
24000,71
24010,71
24020,71
24030,71
24040,71
24050,71
24060,71
24070,71
24080,71
24090,71
24100,71
24110,71
24120,71
24130,71
24140,71
24150,71
24160,71
24170,71
24180,71
24190,71
24200,71
24210,71
24220,71
24230,71
24240,71
24250,71
24260,71
24270,71
24280,71
24290,71
24300,71
24310,71
24320,71
24330,71
24340,71
24350,71
24360,71
24370,71
24380,71
24390,71
24400,71
24410,71
24420,71
24430,71
24440,71
24450,71
24460,71
24470,71
24480,71
24490,71
24500,71
24510,71
24520,71
24530,71
24540,71
24550,71
24560,71
24570,71
24580,71
24590,71
24600,71
24610,71
24620,71
24630,71
24640,71
24650,71
24660,71
24670,71
24680,71
24690,71
24700,71
24710,71
24720,71
24730,71
24740,71
24750,71
24760,71
24770,71
24780,71
24790,71
24800,71
24810,71
24820,71
24830,71
24840,71
24850,71
24860,71
24870,71
24880,71
24890,71
24900,71
24910,71
24920,71
24930,71
24940,71
24950,71
24960,71
24970,71
24980,71
24990,71
25000,71
25010,71
25020,71
25030,71
25040,71
25050,71
25060,71
25070,71
25080,71
25090,71
25100,71
25110,71
25120,71
25130,71
25140,71
25150,71
25160,71
25170,71
25180,71
25190,71
25200,71
25210,71
25220,71
25230,71
25240,71
25250,71
25260,71
25270,71
25280,71
25290,71
25300,71
25310,71
25320,71
25330,71
25340,71
25350,71
25360,71
25370,71
25380,71
25390,71
25400,80
25410,80
25420,80
25430,80
25440,80
25450,80
25460,80
25470,80
25480,80
25490,80
25500,80
25510,80
25520,80
25530,80
25540,80
25550,80
25560,80
25570,80
25580,80
25590,80
25600,80
25610,80
25620,80
25630,80
25640,80
25650,80
25660,80
25670,80
25680,80
25690,80
25700,80
25710,80
25720,80
25730,80
25740,80
25750,80
25760,80
25770,80
25780,80
25790,80
25800,80
25810,80
25820,80
25830,80
25840,80
25850,80
25860,80
25870,80
25880,80
25890,80
25900,80
25910,80
25920,80
25930,80
25940,80
25950,80
25960,80
25970,80
25980,80
25990,80
26000,80
26010,80
26020,80
26030,80
26040,80
26050,80
26060,80
26070,80
26080,80
26090,80
26100,80
26110,80
26120,80
26130,80
26140,80
26150,80
26160,80
26170,80
26180,80
26190,80
26200,80
26210,80
26220,80
26230,80
26240,80
26250,80
26260,80
26270,80
26280,80
26290,80
26300,80
26310,80
26320,80
26330,80
26340,80
26350,80
26360,80
26370,80
26380,80
26390,80
26400,80
26410,80
26420,80
26430,80
26440,80
26450,80
26460,80
26470,80
26480,80
26490,80
26500,80
26510,80
26520,80
26530,80
26540,80
26550,80
26560,80
26570,80
26580,80
26590,80
26600,80
26610,80
26620,80
26630,80
26640,80
26650,80
26660,80
26670,80
26680,80
26690,80
26700,80
26710,80
26720,80
26730,80
26740,80
26750,80
26760,80
26770,80
26780,80
26790,80
26800,80
26810,80
26820,80
26830,80
26840,80
26850,80
26860,80
26870,80
26880,80
26890,80
26900,80
26910,80
26920,80
26930,80
26940,80
26950,80
26960,80
26970,80
26980,80
26990,80
27000,80
27010,80
27020,80
27030,80
27040,80
27050,80
27060,80
27070,80
27080,80
27090,80
27100,80
27110,80
27120,80
27130,80
27140,80
27150,80
27160,80
27170,80
27180,80
27190,80
27200,80
27210,80
27220,80
27230,80
27240,80
27250,80
27260,80
27270,80
27280,80
27290,80
27300,80
27310,80
27320,80
27330,80
27340,80
27350,80
27360,80
27370,80
27380,80
27390,80
27400,80
27410,80
27420,80
27430,80
27440,80
27450,80
27460,80
27470,80
27480,80
27490,80
27500,80
27510,80
27520,80
27530,80
27540,80
27550,80
27560,80
27570,80
27580,80
27590,80
27600,80
27610,80
27620,80
27630,80
27640,80
27650,80
27660,80
27670,80
27680,80
27690,80
27700,80
27710,80
27720,80
27730,80
27740,80
27750,80
27760,80
27770,80
27780,80
27790,80
27800,80
27810,80
27820,80
27830,80
27840,80
27850,80
27860,80
27870,80
27880,80
27890,80
27900,80
27910,80
27920,80
27930,80
27940,80
27950,80
27960,80
27970,80
27980,80
27990,80
28000,80
28010,80
28020,80
28030,80
28040,80
28050,80
28060,80
28070,80
28080,80
28090,80
28100,80
28110,80
28120,80
28130,80
28140,80
28150,80
28160,80
28170,80
28180,80
28190,80
28200,80
28210,80
28220,80
28230,80
28240,80
28250,80
28260,80
28270,80
28280,80
28290,80
28300,80
28310,80
28320,80
28330,80
28340,80
28350,80
28360,80
28370,80
28380,80
28390,80
28400,80
28410,80
28420,80
28430,80
28440,80
28450,80
28460,80
28470,80
28480,80
28490,80
28500,80
28510,80
28520,80
28530,80
28540,80
28550,80
28560,80
28570,80
28580,80
28590,80
28600,80
28610,80
28620,80
28630,80
28640,80
28650,80
28660,80
28670,80
28680,80
28690,80
28700,80
28710,80
28720,80
28730,80
28740,80
28750,80
28760,80
28770,80
28780,80
28790,80
28800,80
28810,80
28820,80
28830,80
28840,80
28850,80
28860,80
28870,80
28880,80
28890,80
28900,80
28910,80
28920,80
28930,80
28940,80
28950,80
28960,80
28970,80
28980,80
28990,80
29000,80
29010,80
29020,80
29030,80
29040,80
29050,80
29060,80
29070,80
29080,80
29090,80
29100,80
29110,80
29120,80
29130,80
29140,80
29150,80
29160,80
29170,80
29180,80
29190,80
29200,80
29210,80
29220,80
29230,80
29240,80
29250,80
29260,80
29270,80
29280,80
29290,80
29300,80
29310,80
29320,80
29330,80
29340,80
29350,80
29360,80
29370,80
29380,80
29390,80
29400,80
29410,80
29420,80
29430,80
29440,80
29450,80
29460,80
29470,80
29480,80
29490,80
29500,80
29510,80
29520,80
29530,80
29540,80
29550,80
29560,80
29570,80
29580,80
29590,80
29600,80
29610,80
29620,80
29630,80
29640,80
29650,80
29660,80
29670,80
29680,80
29690,80
29700,80
29710,80
29720,80
29730,80
29740,80
29750,80
29760,80
29770,80
29780,80
29790,80
29800,80
29810,80
29820,80
29830,80
29840,80
29850,80
29860,80
29870,80
29880,80
29890,80
29900,80
29910,80
29920,80
29930,80
29940,80
29950,80
29960,80
29970,80
29980,80
29990,80
30000,80
30010,80
30020,80
30030,80
30040,80
30050,80
30060,80
30070,80
30080,80
30090,80
30100,80
30110,80
30120,80
30130,80
30140,80
30150,80
30160,80
30170,80
30180,80
30190,80
30200,80
30210,80
30220,80
30230,80
30240,80
30250,80
30260,80
30270,80
30280,80
30290,80
30300,80
30310,80
30320,80
30330,80
30340,80
30350,80
30360,80
30370,80
30380,80
30390,80
30400,80
30410,80
30420,80
30430,80
30440,80
30450,80
30460,80
30470,80
30480,80
30490,80
30500,80
30510,80
30520,80
30530,80
30540,80
30550,80
30560,80
30570,80
30580,80
30590,80
30600,80
30610,80
30620,80
30630,80
30640,80
30650,80
30660,80
30670,80
30680,80
30690,80
30700,80
30710,80
30720,80
30730,80
30740,80
30750,80
30760,80
30770,80
30780,80
30790,80
30800,80
30810,80
30820,80
30830,80
30840,80
30850,80
30860,80
30870,80
30880,80
30890,80
30900,80
30910,80
30920,80
30930,80
30940,80
30950,80
30960,80
30970,80
30980,80
30990,80
31000,80
31010,80
31020,80
31030,80
31040,80
31050,80
31060,80
31070,80
31080,80
31090,80
31100,80
31110,80
31120,80
31130,80
31140,80
31150,80
31160,80
31170,80
31180,80
31190,80
31200,80
31210,80
31220,80
31230,80
31240,80
31250,80
31260,80
31270,80
31280,80
31290,80
31300,80
31310,80
31320,80
31330,80
31340,80
31350,80
31360,80
31370,80
31380,80
31390,80
31400,80
31410,80
31420,80
31430,80
31440,80
31450,80
31460,80
31470,80
31480,80
31490,80
31500,80
31510,80
31520,80
31530,80
31540,80
31550,80
31560,80
31570,80
31580,80
31590,80
31600,80
31610,80
31620,80
31630,80
31640,80
31650,80
31660,80
31670,80
31680,80
31690,80
31700,80
31710,80
31720,80
31730,80
31740,80
31750,80
31760,80
31770,80
31780,80
31790,80
31800,80
31810,80
31820,80
31830,80
31840,80
31850,80
31860,80
31870,80
31880,80
31890,80
31900,80
31910,80
31920,80
31930,80
31940,80
31950,80
31960,80
31970,80
31980,80
31990,80
32000,80
32010,80
32020,80
32030,80
32040,80
32050,80
32060,80
32070,80
32080,80
32090,80
32100,80
32110,80
32120,80
32130,80
32140,80
32150,80
32160,80
32170,80
32180,80
32190,80
32200,80
32210,80
32220,80
32230,80
32240,80
32250,80
32260,80
32270,80
32280,80
32290,80
32300,80
32310,80
32320,80
32330,80
32340,80
32350,80
32360,80
32370,80
32380,80
32390,80
32400,80
32410,80
32420,80
32430,80
32440,80
32450,80
32460,80
32470,80
32480,80
32490,80
32500,80
32510,80
32520,80
32530,80
32540,80
32550,80
32560,80
32570,80
32580,80
32590,80
32600,80
32610,80
32620,80
32630,80
32640,80
32650,80
32660,80
32670,80
32680,80
32690,80
32700,80
32710,80
32720,80
32730,80
32740,80
32750,80
32760,80
32770,80
32780,80
32790,80
32800,80
32810,80
32820,80
32830,80
32840,80
32850,80
32860,80
32870,80
32880,80
32890,80
32900,80
32910,80
32920,80
32930,80
32940,80
32950,80
32960,80
32970,80
32980,80
32990,80
33000,80
33010,80
33020,80
33030,80
33040,80
33050,80
33060,80
33070,80
33080,80
33090,80
33100,80
33110,80
33120,80
33130,80
33140,80
33150,80
33160,80
33170,80
33180,80
33190,80
33200,80
33210,80
33220,80
33230,80
33240,80
33250,80
33260,80
33270,80
33280,80
33290,80
33300,80
33310,80
33320,80
33330,80
33340,80
33350,80
33360,80
33370,80
33380,80
33390,80
33400,80
33410,80
33420,80
33430,80
33440,80
33450,80
33460,80
33470,80
33480,80
33490,80
33500,80
33510,80
33520,80
33530,80
33540,80
33550,80
33560,80
33570,80
33580,80
33590,80
33600,80
33610,80
33620,80
33630,80
33640,80
33650,80
33660,80
33670,80
33680,80
33690,80
33700,80
33710,80
33720,80
33730,80
33740,80
33750,80
33760,80
33770,80
33780,80
33790,80
33800,80
33810,80
33820,80
33830,80
33840,80
33850,80
33860,80
33870,80
33880,80
33890,80
33900,80
33910,80
33920,80
33930,80
33940,80
33950,80
33960,80
33970,80
33980,80
33990,80
34000,80
34010,80
34020,80
34030,80
34040,80
34050,80
34060,80
34070,80
34080,80
34090,80
34100,80
34110,80
34120,80
34130,80
34140,80
34150,80
34160,80
34170,80
34180,80
34190,80
34200,80
34210,80
34220,80
34230,80
34240,80
34250,80
34260,80
34270,80
34280,80
34290,80
34300,80
34310,80
34320,80
34330,80
34340,80
34350,80
34360,80
34370,80
34380,80
34390,80
34400,80
34410,80
34420,80
34430,80
34440,80
34450,80
34460,80
34470,80
34480,80
34490,80
34500,80
34510,80
34520,80
34530,80
34540,80
34550,80
34560,80
34570,80
34580,80
34590,80
34600,80
34610,80
34620,80
34630,80
34640,80
34650,80
34660,80
34670,80
34680,80
34690,80
34700,80
34710,80
34720,80
34730,80
34740,80
34750,80
34760,80
34770,80
34780,80
34790,80
34800,80
34810,80
34820,80
34830,80
34840,80
34850,80
34860,80
34870,80
34880,80
34890,80
34900,80
34910,80
34920,80
34930,80
34940,80
34950,80
34960,80
34970,80
34980,80
34990,80
35000,80
35010,80
35020,80
35030,80
35040,80
35050,80
35060,80
35070,80
35080,80
35090,80
35100,80
35110,80
35120,80
35130,80
35140,80
35150,80
35160,80
35170,80
35180,80
35190,80
35200,80
35210,80
35220,80
35230,80
35240,80
35250,80
35260,80
35270,80
35280,80
35290,80
35300,80
35310,80
35320,80
35330,80
35340,80
35350,80
35360,80
35370,80
35380,80
35390,80
35400,80
35410,80
35420,80
35430,80
35440,80
35450,80
35460,80
35470,80
35480,80
35490,80
35500,80
35510,80
35520,80
35530,80
35540,80
35550,80
35560,80
35570,80
35580,80
35590,80
35600,80
35610,80
35620,80
35630,80
35640,80
35650,80
35660,80
35670,80
35680,80
35690,80
35700,80
35710,80
35720,80
35730,80
35740,80
35750,80
35760,80
35770,80
35780,80
35790,80
35800,80
35810,80
35820,80
35830,80
35840,80
35850,80
35860,80
35870,80
35880,80
35890,80
35900,80
35910,80
35920,80
35930,80
35940,80
35950,80
35960,80
35970,80
35980,80
35990,80
36000,80
36010,80
36020,80
36030,80
36040,80
36050,80
36060,80
36070,80
36080,80
36090,80
36100,80
36110,80
36120,80
36130,80
36140,80
36150,80
36160,80
36170,80
36180,80
36190,80
36200,80
36210,80
36220,80
36230,80
36240,80
36250,80
36260,80
36270,80
36280,80
36290,80
36300,80
36310,80
36320,80
36330,80
36340,80
36350,80
36360,80
36370,80
36380,80
36390,80
36400,80
36410,80
36420,80
36430,80
36440,80
36450,80
36460,80
36470,80
36480,80
36490,80
36500,80
36510,80
36520,80
36530,80
36540,80
36550,80
36560,80
36570,80
36580,80
36590,80
36600,80
36610,80
36620,80
36630,80
36640,80
36650,80
36660,80
36670,80
36680,80
36690,80
36700,80
36710,80
36720,80
36730,80
36740,80
36750,80
36760,80
36770,80
36780,80
36790,80
36800,80
36810,80
36820,80
36830,80
36840,80
36850,80
36860,80
36870,80
36880,80
36890,80
36900,80
36910,80
36920,80
36930,80
36940,80
36950,80
36960,80
36970,80
36980,80
36990,80
37000,80
37010,80
37020,80
37030,80
37040,80
37050,80
37060,80
37070,80
37080,80
37090,80
37100,80
37110,80
37120,80
37130,80
37140,80
37150,80
37160,80
37170,80
37180,80
37190,80
37200,80
37210,80
37220,80
37230,80
37240,80
37250,80
37260,80
37270,80
37280,80
37290,80
37300,80
37310,80
37320,80
37330,80
37340,80
37350,80
37360,80
37370,80
37380,80
37390,80
37400,80
37410,80
37420,80
37430,80
37440,80
37450,80
37460,80
37470,80
37480,80
37490,80
37500,80
37510,80
37520,80
37530,80
37540,80
37550,80
37560,80
37570,80
37580,80
37590,80
37600,80
37610,80
37620,80
37630,80
37640,80
37650,80
37660,80
37670,80
37680,80
37690,80
37700,80
37710,80
37720,80
37730,80
37740,80
37750,80
37760,80
37770,80
37780,80
37790,80
37800,80
37810,80
37820,80
37830,80
37840,80
37850,80
37860,80
37870,80
37880,80
37890,80
37900,80
37910,80
37920,80
37930,80
37940,80
37950,80
37960,80
37970,80
37980,80
37990,80
38000,80
38010,80
38020,80
38030,80
38040,80
38050,80
38060,80
38070,80
38080,80
38090,80
38100,80
38110,80
38120,80
38130,80
38140,80
38150,80
38160,80
38170,80
38180,80
38190,80
38200,80
38210,80
38220,80
38230,80
38240,80
38250,80
38260,80
38270,80
38280,80
38290,80
38300,80
38310,80
38320,80
38330,80
38340,80
38350,80
38360,80
38370,80
38380,80
38390,80
38400,80
38410,80
38420,80
38430,80
38440,80
38450,80
38460,80
38470,80
38480,80
38490,80
38500,80
38510,80
38520,80
38530,80
38540,80
38550,80
38560,80
38570,80
38580,80
38590,80
38600,80
38610,80
38620,80
38630,80
38640,80
38650,80
38660,80
38670,80
38680,80
38690,80
38700,80
38710,80
38720,80
38730,80
38740,80
38750,80
38760,80
38770,80
38780,80
38790,80
38800,80
38810,80
38820,80
38830,80
38840,80
38850,80
38860,80
38870,80
38880,80
38890,80
38900,80
38910,80
38920,80
38930,80
38940,80
38950,80
38960,80
38970,80
38980,80
38990,80
39000,80
39010,80
39020,80
39030,80
39040,80
39050,80
39060,80
39070,80
39080,80
39090,80
39100,80
39110,80
39120,80
39130,80
39140,80
39150,80
39160,80
39170,80
39180,80
39190,80
39200,80
39210,80
39220,80
39230,80
39240,80
39250,80
39260,80
39270,80
39280,80
39290,80
39300,80
39310,80
39320,80
39330,80
39340,80
39350,80
39360,80
39370,80
39380,80
39390,80
39400,80
39410,80
39420,80
39430,80
39440,80
39450,80
39460,80
39470,80
39480,80
39490,80
39500,80
39510,80
39520,80
39530,80
39540,80
39550,80
39560,80
39570,80
39580,80
39590,80
39600,80
39610,80
39620,80
39630,80
39640,80
39650,80
39660,80
39670,80
39680,80
39690,80
39700,80
39710,80
39720,80
39730,80
39740,80
39750,80
39760,80
39770,80
39780,80
39790,80
39800,80
39810,80
39820,80
39830,80
39840,80
39850,80
39860,80
39870,80
39880,80
39890,80
39900,80
39910,80
39920,80
39930,80
39940,80
39950,80
39960,80
39970,80
39980,80
39990,80
40000,80
40010,80
40020,80
40030,80
40040,80
40050,80
40060,80
40070,80
40080,80
40090,80
40100,80
40110,80
40120,80
40130,80
40140,80
40150,80
40160,80
40170,80
40180,80
40190,80
40200,80
40210,80
40220,80
40230,80
40240,80
40250,80
40260,80
40270,80
40280,80
40290,80
40300,80
40310,80
40320,80
40330,80
40340,80
40350,80
40360,80
40370,80
40380,80
40390,80
40400,80
40410,80
40420,80
40430,80
40440,80
40450,80
40460,80
40470,80
40480,80
40490,80
40500,80
40510,80
40520,80
40530,80
40540,80
40550,80
40560,80
40570,80
40580,80
40590,80
40600,80
40610,80
40620,80
40630,80
40640,80
40650,80
40660,80
40670,80
40680,80
40690,80
40700,80
40710,80
40720,80
40730,80
40740,80
40750,80
40760,80
40770,80
40780,80
40790,80
40800,80
40810,80
40820,80
40830,80
40840,80
40850,80
40860,80
40870,80
40880,80
40890,80
40900,80
40910,80
40920,80
40930,80
40940,80
40950,80
40960,80
40970,80
40980,80
40990,80
41000,80
41010,80
41020,80
41030,80
41040,80
41050,80
41060,80
41070,80
41080,80
41090,80
41100,80
41110,80
41120,80
41130,80
41140,80
41150,80
41160,80
41170,80
41180,80
41190,80
41200,80
41210,80
41220,80
41230,80
41240,80
41250,80
41260,80
41270,80
41280,80
41290,80
41300,80
41310,80
41320,80
41330,80
41340,80
41350,80
41360,80
41370,80
41380,80
41390,80
41400,80
41410,80
41420,80
41430,80
41440,80
41450,80
41460,80
41470,80
41480,80
41490,80
41500,80
41510,80
41520,80
41530,80
41540,80
41550,80
41560,80
41570,80
41580,80
41590,80
41600,80
41610,80
41620,80
41630,80
41640,80
41650,80
41660,80
41670,80
41680,80
41690,80
41700,80
41710,80
41720,80
41730,80
41740,80
41750,80
41760,80
41770,80
41780,80
41790,80
41800,80
41810,80
41820,80
41830,80
41840,80
41850,80
41860,80
41870,80
41880,80
41890,80
41900,80
41910,80
41920,80
41930,80
41940,80
41950,80
41960,80
41970,80
41980,80
41990,80
42000,80
42010,80
42020,80
42030,80
42040,80
42050,80
42060,80
42070,80
42080,80
42090,80
42100,80
42110,80
42120,80
42130,80
42140,80
42150,80
42160,80
42170,80
42180,80
42190,80
42200,80
42210,80
42220,80
42230,80
42240,80
42250,80
42260,80
42270,80
42280,80
42290,80
42300,80
42310,80
42320,80
42330,80
42340,80
42350,80
42360,80
42370,80
42380,80
42390,80
42400,80
42410,80
42420,80
42430,80
42440,80
42450,80
42460,80
42470,80
42480,80
42490,80
42500,80
42510,80
42520,80
42530,80
42540,80
42550,80
42560,80
42570,80
42580,80
42590,80
42600,80
42610,80
42620,80
42630,80
42640,80
42650,80
42660,80
42670,80
42680,80
42690,80
42700,80
42710,80
42720,80
42730,80
42740,80
42750,80
42760,80
42770,80
42780,80
42790,80
42800,80
42810,80
42820,80
42830,80
42840,80
42850,80
42860,80
42870,80
42880,80
42890,80
42900,80
42910,80
42920,80
42930,80
42940,80
42950,80
42960,80
42970,80
42980,80
42990,80
43000,80
43010,80
43020,80
43030,80
43040,80
43050,80
43060,80
43070,80
43080,80
43090,80
43100,80
43110,80
43120,80
43130,80
43140,80
43150,80
43160,80
43170,80
43180,80
43190,80
43200,80
43210,80
43220,80
43230,80
43240,80
43250,80
43260,80
43270,80
43280,80
43290,80
43300,80
43310,80
43320,80
43330,80
43340,80
43350,80
43360,80
43370,80
43380,80
43390,80
43400,80
43410,80
43420,80
43430,80
43440,80
43450,80
43460,80
43470,80
43480,80
43490,80
43500,80
43510,80
43520,80
43530,80
43540,80
43550,80
43560,80
43570,80
43580,80
43590,80
43600,80
43610,80
43620,80
43630,80
43640,80
43650,80
43660,80
43670,80
43680,80
43690,80
43700,80
43710,80
43720,80
43730,80
43740,80
43750,80
43760,80
43770,80
43780,80
43790,80
43800,80
43810,80
43820,80
43830,80
43840,80
43850,80
43860,80
43870,80
43880,80
43890,80
43900,80
43910,80
43920,80
43930,80
43940,80
43950,80
43960,80
43970,80
43980,80
43990,80
44000,80
44010,80
44020,80
44030,80
44040,80
44050,80
44060,80
44070,80
44080,80
44090,80
44100,80
44110,80
44120,80
44130,80
44140,80
44150,80
44160,80
44170,80
44180,80
44190,80
44200,80
44210,80
44220,80
44230,80
44240,80
44250,80
44260,80
44270,80
44280,80
44290,80
44300,80
44310,80
44320,80
44330,80
44340,80
44350,80
44360,80
44370,80
44380,80
44390,80
44400,80
44410,80
44420,80
44430,80
44440,80
44450,80
44460,80
44470,80
44480,80
44490,80
44500,80
44510,80
44520,80
44530,80
44540,80
44550,80
44560,80
44570,80
44580,80
44590,80
44600,80
44610,80
44620,80
44630,80
44640,80
44650,80
44660,80
44670,80
44680,80
44690,80
44700,80
44710,80
44720,80
44730,80
44740,80
44750,80
44760,80
44770,80
44780,80
44790,80
44800,80
44810,80
44820,80
44830,80
44840,80
44850,80
44860,80
44870,80
44880,80
44890,80
44900,80
44910,80
44920,80
44930,80
44940,80
44950,80
44960,80
44970,80
44980,80
44990,80
45000,80
45010,80
45020,80
45030,80
45040,80
45050,80
45060,80
45070,80
45080,80
45090,80
45100,80
45110,80
45120,80
45130,80
45140,80
45150,80
45160,80
45170,80
45180,80
45190,80
45200,80
45210,80
45220,80
45230,80
45240,80
45250,80
45260,80
45270,80
45280,80
45290,80
45300,80
45310,80
45320,80
45330,80
45340,80
45350,80
45360,80
45370,80
45380,80
45390,80
45400,80
45410,80
45420,80
45430,80
45440,80
45450,80
45460,80
45470,80
45480,80
45490,80
45500,80
45510,80
45520,80
45530,80
45540,80
45550,80
45560,80
45570,80
45580,80
45590,80
45600,80
45610,80
45620,80
45630,80
45640,80
45650,80
45660,80
45670,80
45680,80
45690,80
45700,80
45710,80
45720,80
45730,80
45740,80
45750,80
45760,80
45770,80
45780,80
45790,80
45800,80
45810,80
45820,80
45830,80
45840,80
45850,80
45860,80
45870,80
45880,80
45890,80
45900,80
45910,80
45920,80
45930,80
45940,80
45950,80
45960,80
45970,80
45980,80
45990,80
46000,80
46010,80
46020,80
46030,80
46040,80
46050,80
46060,80
46070,80
46080,80
46090,80
46100,80
46110,80
46120,80
46130,80
46140,80
46150,80
46160,80
46170,80
46180,80
46190,80
46200,80
46210,80
46220,80
46230,80
46240,80
46250,80
46260,80
46270,80
46280,80
46290,80
46300,80
46310,80
46320,80
46330,80
46340,80
46350,80
46360,80
46370,80
46380,80
46390,80
46400,80
46410,80
46420,80
46430,80
46440,80
46450,80
46460,80
46470,80
46480,80
46490,80
46500,80
46510,80
46520,80
46530,80
46540,80
46550,80
46560,80
46570,80
46580,80
46590,80
46600,80
46610,80
46620,80
46630,80
46640,80
46650,80
46660,80
46670,80
46680,80
46690,80
46700,80
46710,80
46720,80
46730,80
46740,80
46750,80
46760,80
46770,80
46780,80
46790,80
46800,80
46810,80
46820,80
46830,80
46840,80
46850,80
46860,80
46870,80
46880,80
46890,80
46900,80
46910,80
46920,80
46930,80
46940,80
46950,80
46960,80
46970,80
46980,80
46990,80
47000,80
47010,80
47020,80
47030,80
47040,80
47050,80
47060,80
47070,80
47080,80
47090,80
47100,80
47110,80
47120,80
47130,80
47140,80
47150,80
47160,80
47170,80
47180,80
47190,80
47200,80
47210,80
47220,80
47230,80
47240,80
47250,80
47260,80
47270,80
47280,80
47290,80
47300,80
47310,80
47320,80
47330,80
47340,80
47350,80
47360,80
47370,80
47380,80
47390,80
47400,80
47410,80
47420,80
47430,80
47440,80
47450,80
47460,80
47470,80
47480,80
47490,80
47500,80
47510,80
47520,80
47530,80
47540,80
47550,80
47560,80
47570,80
47580,80
47590,80
47600,81
47610,81
47620,81
47630,81
47640,81
47650,81
47660,81
47670,81
47680,81
47690,81
47700,81
47710,81
47720,81
47730,81
47740,81
47750,81
47760,81
47770,81
47780,81
47790,81
47800,81
47810,81
47820,81
47830,81
47840,81
47850,81
47860,81
47870,81
47880,81
47890,81
47900,81
47910,81
47920,81
47930,81
47940,81
47950,81
47960,81
47970,81
47980,81
47990,81
48000,81
48010,81
48020,81
48030,81
48040,81
48050,81
48060,81
48070,81
48080,81
48090,81
48100,81
48110,81
48120,81
48130,81
48140,81
48150,81
48160,81
48170,81
48180,81
48190,81
48200,81
48210,81
48220,81
48230,81
48240,81
48250,81
48260,81
48270,81
48280,81
48290,81
48300,81
48310,81
48320,81
48330,81
48340,81
48350,81
48360,81
48370,81
48380,81
48390,81
48400,81
48410,81
48420,81
48430,81
48440,81
48450,81
48460,81
48470,81
48480,81
48490,81
48500,81
48510,81
48520,81
48530,81
48540,81
48550,81
48560,81
48570,81
48580,81
48590,81
48600,81
48610,81
48620,81
48630,81
48640,81
48650,81
48660,81
48670,81
48680,81
48690,81
48700,81
48710,81
48720,81
48730,81
48740,81
48750,81
48760,81
48770,81
48780,81
48790,81
48800,81
48810,81
48820,81
48830,81
48840,81
48850,81
48860,81
48870,81
48880,81
48890,81
48900,81
48910,81
48920,81
48930,81
48940,81
48950,81
48960,81
48970,81
48980,81
48990,81
49000,81
49010,81
49020,81
49030,81
49040,81
49050,81
49060,81
49070,81
49080,81
49090,81
49100,81
49110,81
49120,81
49130,81
49140,81
49150,81
49160,81
49170,81
49180,81
49190,81
49200,81
49210,81
49220,81
49230,81
49240,81
49250,81
49260,81
49270,81
49280,81
49290,81
49300,81
49310,81
49320,81
49330,81
49340,81
49350,81
49360,81
49370,81
49380,81
49390,81
49400,81
49410,81
49420,81
49430,81
49440,81
49450,81
49460,81
49470,81
49480,81
49490,81
49500,81
49510,81
49520,81
49530,81
49540,81
49550,81
49560,81
49570,81
49580,81
49590,81
49600,81
49610,81
49620,81
49630,81
49640,81
49650,81
49660,81
49670,81
49680,81
49690,81
49700,81
49710,81
49720,81
49730,81
49740,81
49750,81
49760,81
49770,81
49780,81
49790,81
49800,81
49810,81
49820,81
49830,81
49840,81
49850,81
49860,81
49870,81
49880,81
49890,81
49900,81
49910,81
49920,81
49930,81
49940,81
49950,81
49960,81
49970,81
49980,81
49990,81
50000,81
50010,81
50020,81
50030,81
50040,81
50050,81
50060,81
50070,81
50080,81
50090,81
50100,81
50110,81
50120,81
50130,81
50140,81
50150,81
50160,81
50170,81
50180,81
50190,81
50200,81
50210,81
50220,81
50230,81
50240,81
50250,81
50260,81
50270,81
50280,81
50290,81
50300,81
50310,81
50320,81
50330,81
50340,81
50350,81
50360,81
50370,81
50380,81
50390,81
50400,81
50410,81
50420,81
50430,81
50440,81
50450,81
50460,81
50470,81
50480,81
50490,81
50500,81
50510,81
50520,81
50530,81
50540,81
50550,81
50560,81
50570,81
50580,81
50590,81
50600,81
50610,81
50620,81
50630,81
50640,81
50650,81
50660,81
50670,81
50680,81
50690,81
50700,81
50710,81
50720,81
50730,81
50740,81
50750,81
50760,81
50770,81
50780,81
50790,81
50800,81
50810,81
50820,81
50830,81
50840,81
50850,81
50860,81
50870,81
50880,81
50890,81
50900,81
50910,81
50920,81
50930,81
50940,81
50950,81
50960,81
50970,81
50980,81
50990,81
51000,81
51010,81
51020,81
51030,81
51040,81
51050,81
51060,81
51070,81
51080,81
51090,81
51100,81
51110,81
51120,81
51130,81
51140,81
51150,81
51160,81
51170,81
51180,81
51190,81
51200,81
51210,81
51220,81
51230,81
51240,81
51250,81
51260,81
51270,81
51280,81
51290,81
51300,81
51310,81
51320,81
51330,81
51340,81
51350,81
51360,81
51370,81
51380,81
51390,81
51400,81
51410,81
51420,81
51430,81
51440,81
51450,81
51460,81
51470,90
51480,90
51490,90
51500,90
51510,90
51520,90
51530,90
51540,90
51550,90
51560,90
51570,90
51580,90
51590,90
51600,90
51610,90
51620,90
51630,90
51640,90
51650,90
51660,90
51670,90
51680,90
51690,90
51700,90
51710,90
51720,90
51730,90
51740,90
51750,90
51760,90
51770,90
51780,90
51790,90
51800,90
51810,90
51820,90
51830,90
51840,90
51850,90
51860,90
51870,90
51880,90
51890,90
51900,90
51910,90
51920,90
51930,90
51940,90
51950,90
51960,90
51970,90
51980,90
51990,90
52000,90
52010,90
52020,90
52030,90
52040,90
52050,90
52060,90
52070,90
52080,90
52090,90
52100,90
52110,90
52120,90
52130,90
52140,90
52150,90
52160,90
52170,90
52180,90
52190,90
52200,90
52210,90
52220,90
52230,90
52240,90
52250,90
52260,90
52270,90
52280,90
52290,90
52300,90
52310,90
52320,90
52330,90
52340,90
52350,90
52360,90
52370,90
52380,90
52390,90
52400,90
52410,90
52420,90
52430,90
52440,90
52450,90
52460,90
52470,90
52480,90
52490,90
52500,90
52510,90
52520,90
52530,90
52540,90
52550,90
52560,90
52570,90
52580,90
52590,90
52600,90
52610,90
52620,90
52630,90
52640,90
52650,90
52660,90
52670,90
52680,90
52690,90
52700,90
52710,90
52720,90
52730,90
52740,90
52750,90
52760,90
52770,90
52780,90
52790,90
52800,90
52810,90
52820,90
52830,90
52840,90
52850,90
52860,90
52870,90
52880,90
52890,90
52900,90
52910,90
52920,90
52930,90
52940,90
52950,90
52960,90
52970,90
52980,90
52990,90
53000,90
53010,90
53020,90
53030,90
53040,90
53050,90
53060,90
53070,90
53080,90
53090,90
53100,90
53110,90
53120,90
53130,90
53140,90
53150,90
53160,90
53170,90
53180,90
53190,90
53200,90
53210,90
53220,90
53230,90
53240,90
53250,90
53260,90
53270,90
53280,90
53290,90
53300,90
53310,90
53320,90
53330,90
53340,90
53350,90
53360,90
53370,90
53380,90
53390,90
53400,90
53410,90
53420,90
53430,90
53440,90
53450,90
53460,90
53470,90
53480,90
53490,90
53500,90
53510,90
53520,90
53530,90
53540,90
53550,90
53560,90
53570,90
53580,90
53590,90
53600,90
53610,90
53620,90
53630,90
53640,90
53650,90
53660,90
53670,90
53680,90
53690,90
53700,90
53710,90
53720,90
53730,90
53740,90
53750,90
53760,90
53770,90
53780,90
53790,90
53800,90
53810,90
53820,90
53830,90
53840,90
53850,90
53860,90
53870,90
53880,90
53890,90
53900,90
53910,90
53920,90
53930,90
53940,90
53950,90
53960,90
53970,90
53980,90
53990,90
54000,90
54010,90
54020,90
54030,90
54040,90
54050,90
54060,90
54070,90
54080,90
54090,90
54100,90
54110,90
54120,90
54130,90
54140,90
54150,90
54160,90
54170,90
54180,90
54190,90
54200,90
54210,90
54220,90
54230,90
54240,90
54250,90
54260,90
54270,90
54280,90
54290,90
54300,90
54310,90
54320,90
54330,90
54340,90
54350,90
54360,90
54370,90
54380,90
54390,90
54400,90
54410,90
54420,90
54430,90
54440,90
54450,90
54460,90
54470,90
54480,90
54490,90
54500,90
54510,90
54520,90
54530,90
54540,90
54550,90
54560,90
54570,90
54580,90
54590,90
54600,90
54610,90
54620,90
54630,90
54640,90
54650,90
54660,90
54670,90
54680,90
54690,90
54700,90
54710,90
54720,90
54730,90
54740,90
54750,90
54760,90
54770,90
54780,90
54790,90
54800,90
54810,90
54820,90
54830,90
54840,90
54850,90
54860,90
54870,90
54880,90
54890,90
54900,90
54910,90
54920,90
54930,90
54940,90
54950,90
54960,90
54970,90
54980,90
54990,90
55000,90
55010,90
55020,90
55030,90
55040,90
55050,90
55060,90
55070,90
55080,90
55090,90
55100,90
55110,90
55120,90
55130,90
55140,90
55150,90
55160,90
55170,90
55180,90
55190,90
55200,90
55210,90
55220,90
55230,90
55240,90
55250,90
55260,90
55270,90
55280,90
55290,90
55300,90
55310,90
55320,90
55330,90
55340,90
55350,90
55360,90
55370,90
55380,90
55390,90
55400,90
55410,90
55420,90
55430,90
55440,90
55450,90
55460,90
55470,90
55480,90
55490,90
55500,90
55510,90
55520,90
55530,90
55540,90
55550,90
55560,90
55570,90
55580,90
55590,90
55600,90
55610,90
55620,90
55630,90
55640,90
55650,90
55660,90
55670,90
55680,90
55690,90
55700,90
55710,90
55720,90
55730,90
55740,90
55750,90
55760,90
55770,90
55780,90
55790,90
55800,90
55810,90
55820,90
55830,90
55840,90
55850,90
55860,90
55870,90
55880,90
55890,90
55900,90
55910,90
55920,90
55930,90
55940,90
55950,90
55960,90
55970,90
55980,90
55990,90
56000,90
56010,90
56020,90
56030,90
56040,90
56050,90
56060,90
56070,90
56080,90
56090,90
56100,90
56110,90
56120,90
56130,90
56140,90
56150,90
56160,90
56170,90
56180,90
56190,90
56200,90
56210,90
56220,90
56230,90
56240,90
56250,90
56260,90
56270,90
56280,90
56290,90
56300,90
56310,90
56320,90
56330,90
56340,90
56350,90
56360,90
56370,90
56380,90
56390,90
56400,90
56410,90
56420,90
56430,90
56440,90
56450,90
56460,90
56470,90
56480,90
56490,90
56500,90
56510,90
56520,90
56530,90
56540,90
56550,90
56560,90
56570,90
56580,90
56590,90
56600,90
56610,90
56620,90
56630,90
56640,90
56650,90
56660,90
56670,90
56680,90
56690,90
56700,90
56710,90
56720,90
56730,90
56740,90
56750,90
56760,90
56770,90
56780,90
56790,90
56800,90
56810,90
56820,90
56830,90
56840,90
56850,90
56860,90
56870,90
56880,90
56890,90
56900,90
56910,90
56920,90
56930,90
56940,90
56950,90
56960,90
56970,90
56980,90
56990,90
57000,90
57010,90
57020,90
57030,90
57040,90
57050,90
57060,90
57070,90
57080,90
57090,90
57100,90
57110,90
57120,90
57130,90
57140,90
57150,90
57160,90
57170,90
57180,90
57190,90
57200,90
57210,90
57220,90
57230,90
57240,90
57250,90
57260,90
57270,90
57280,90
57290,90
57300,90
57310,90
57320,90
57330,90
57340,90
57350,90
57360,90
57370,90
57380,90
57390,90
57400,90
57410,90
57420,90
57430,90
57440,90
57450,90
57460,90
57470,90
57480,90
57490,90
57500,90
57510,90
57520,90
57530,90
57540,90
57550,90
57560,90
57570,90
57580,90
57590,90
57600,90
57610,90
57620,90
57630,90
57640,90
57650,90
57660,90
57670,90
57680,90
57690,90
57700,90
57710,90
57720,90
57730,90
57740,90
57750,90
57760,90
57770,90
57780,90
57790,90
57800,90
57810,90
57820,90
57830,90
57840,90
57850,90
57860,90
57870,90
57880,90
57890,90
57900,90
57910,90
57920,90
57930,90
57940,90
57950,90
57960,90
57970,90
57980,90
57990,90
58000,90
58010,90
58020,90
58030,90
58040,90
58050,90
58060,90
58070,90
58080,90
58090,90
58100,90
58110,90
58120,90
58130,90
58140,90
58150,90
58160,90
58170,90
58180,90
58190,90
58200,90
58210,90
58220,90
58230,90
58240,90
58250,90
58260,90
58270,90
58280,90
58290,90
58300,90
58310,90
58320,90
58330,90
58340,90
58350,90
58360,90
58370,90
58380,90
58390,90
58400,90
58410,90
58420,90
58430,90
58440,90
58450,90
58460,90
58470,90
58480,90
58490,90
58500,90
58510,90
58520,90
58530,90
58540,90
58550,90
58560,90
58570,90
58580,90
58590,90
58600,90
58610,90
58620,90
58630,90
58640,90
58650,90
58660,90
58670,90
58680,90
58690,90
58700,90
58710,90
58720,90
58730,90
58740,90
58750,90
58760,90
58770,90
58780,90
58790,90
58800,90
58810,90
58820,90
58830,90
58840,90
58850,90
58860,90
58870,90
58880,90
58890,90
58900,90
58910,90
58920,90
58930,90
58940,90
58950,90
58960,90
58970,90
58980,90
58990,90
59000,90
59010,90
59020,90
59030,90
59040,90
59050,90
59060,90
59070,90
59080,90
59090,90
59100,90
59110,90
59120,90
59130,90
59140,90
59150,90
59160,90
59170,90
59180,90
59190,90
59200,90
59210,90
59220,90
59230,90
59240,90
59250,90
59260,90
59270,90
59280,90
59290,90
59300,90
59310,90
59320,90
59330,90
59340,90
59350,90
59360,90
59370,90
59380,90
59390,90
59400,90
59410,90
59420,90
59430,90
59440,90
59450,90
59460,90
59470,90
59480,90
59490,90
59500,90
59510,90
59520,90
59530,90
59540,90
59550,90
59560,90
59570,90
59580,90
59590,90
59600,90
59610,90
59620,90
59630,90
59640,90
59650,90
59660,90
59670,90
59680,90
59690,90
59700,90
59710,90
59720,90
59730,90
59740,90
59750,90
59760,90
59770,90
59780,90
59790,90
59800,90
59810,90
59820,90
59830,90
59840,90
59850,90
59860,90
59870,90
59880,90
59890,90
59900,90
59910,90
59920,90
59930,90
59940,90
59950,90
59960,90
59970,90
59980,90
59990,90
60000,90
60010,90
60020,90
60030,90
60040,90
60050,90
60060,90
60070,90
60080,90
60090,90
60100,90
60110,90
60120,90
60130,90
60140,90
60150,90
60160,90
60170,90
60180,90
60190,90
60200,90
60210,90
60220,90
60230,90
60240,90
60250,90
60260,90
60270,90
60280,90
60290,90
60300,90
60310,90
60320,90
60330,90
60340,90
60350,90
60360,90
60370,90
60380,90
60390,90
60400,90
60410,90
60420,90
60430,90
60440,90
60450,90
60460,90
60470,90
60480,90
60490,90
60500,90
60510,90
60520,90
60530,90
60540,90
60550,90
60560,90
60570,90
60580,90
60590,90
60600,90
60610,90
60620,90
60630,90
60640,90
60650,90
60660,90
60670,90
60680,90
60690,90
60700,90
60710,90
60720,90
60730,90
60740,90
60750,90
60760,90
60770,90
60780,90
60790,90
60800,90
60810,90
60820,90
60830,90
60840,90
60850,90
60860,90
60870,90
60880,90
60890,90
60900,90
60910,90
60920,90
60930,90
60940,90
60950,90
60960,90
60970,90
60980,90
60990,90
61000,90
61010,90
61020,90
61030,90
61040,90
61050,90
61060,90
61070,90
61080,90
61090,90
61100,90
61110,90
61120,90
61130,90
61140,90
61150,90
61160,90
61170,90
61180,90
61190,90
61200,90
61210,90
61220,90
61230,90
61240,90
61250,90
61260,90
61270,90
61280,90
61290,90
61300,90
61310,90
61320,90
61330,90
61340,90
61350,90
61360,90
61370,90
61380,90
61390,90
61400,90
61410,90
61420,90
61430,90
61440,90
61450,90
61460,90
61470,90
61480,90
61490,90
61500,90
61510,90
61520,90
61530,90
61540,90
61550,90
61560,90
61570,90
61580,90
61590,90
61600,90
61610,90
61620,90
61630,90
61640,90
61650,90
61660,90
61670,90
61680,90
61690,90
61700,90
61710,90
61720,90
61730,90
61740,90
61750,90
61760,90
61770,90
61780,90
61790,90
61800,90
61810,90
61820,90
61830,90
61840,90
61850,90
61860,90
61870,90
61880,90
61890,90
61900,90
61910,90
61920,90
61930,90
61940,90
61950,90
61960,90
61970,90
61980,90
61990,90
62000,90
62010,90
62020,90
62030,90
62040,90
62050,90
62060,90
62070,90
62080,90
62090,90
62100,90
62110,90
62120,90
62130,90
62140,90
62150,90
62160,90
62170,90
62180,90
62190,90
62200,90
62210,90
62220,90
62230,90
62240,90
62250,90
62260,90
62270,90
62280,90
62290,90
62300,90
62310,90
62320,90
62330,90
62340,90
62350,90
62360,90
62370,90
62380,90
62390,90
62400,90
62410,90
62420,90
62430,90
62440,90
62450,90
62460,90
62470,90
62480,90
62490,90
62500,90
62510,90
62520,90
62530,90
62540,90
62550,90
62560,90
62570,90
62580,90
62590,90
62600,90
62610,90
62620,90
62630,90
62640,90
62650,90
62660,90
62670,90
62680,90
62690,90
62700,90
62710,90
62720,90
62730,90
62740,90
62750,90
62760,90
62770,90
62780,90
62790,90
62800,90
62810,90
62820,90
62830,90
62840,90
62850,90
62860,90
62870,90
62880,90
62890,90
62900,90
62910,90
62920,90
62930,90
62940,90
62950,90
62960,90
62970,90
62980,90
62990,90
63000,90
63010,90
63020,90
63030,90
63040,90
63050,90
63060,90
63070,90
63080,90
63090,90
63100,90
63110,90
63120,90
63130,90
63140,90
63150,90
63160,90
63170,90
63180,90
63190,90
63200,90
63210,90
63220,90
63230,90
63240,90
63250,90
63260,90
63270,90
63280,90
63290,90
63300,90
63310,90
63320,90
63330,90
63340,90
63350,90
63360,90
63370,90
63380,90
63390,90
63400,90
63410,90
63420,90
63430,90
63440,90
63450,90
63460,90
63470,90
63480,90
63490,90
63500,90
63510,90
63520,90
63530,90
63540,90
63550,90
63560,90
63570,90
63580,90
63590,90
63600,90
63610,90
63620,90
63630,90
63640,90
63650,90
63660,90
63670,90
63680,90
63690,90
63700,90
63710,90
63720,90
63730,90
63740,90
63750,90
63760,90
63770,90
63780,90
63790,90
63800,90
63810,90
63820,90
63830,90
63840,90
63850,90
63860,90
63870,90
63880,90
63890,90
63900,90
63910,90
63920,90
63930,90
63940,90
63950,90
63960,90
63970,90
63980,90
63990,90
64000,90
64010,90
64020,90
64030,90
64040,90
64050,90
64060,90
64070,90
64080,90
64090,90
64100,90
64110,90
64120,90
64130,90
64140,90
64150,90
64160,90
64170,90
64180,90
64190,90
64200,90
64210,90
64220,90
64230,90
64240,90
64250,90
64260,90
64270,90
64280,90
64290,90
64300,90
64310,90
64320,90
64330,90
64340,90
64350,90
64360,90
64370,90
64380,90
64390,90
64400,90
64410,90
64420,90
64430,90
64440,90
64450,90
64460,90
64470,90
64480,90
64490,90
64500,90
64510,90
64520,90
64530,90
64540,90
64550,90
64560,90
64570,90
64580,90
64590,90
64600,90
64610,90
64620,90
64630,90
64640,90
64650,90
64660,90
64670,90
64680,90
64690,90
64700,90
64710,90
64720,90
64730,90
64740,90
64750,90
64760,90
64770,90
64780,90
64790,90
64800,90
64810,90
64820,90
64830,90
64840,90
64850,90
64860,90
64870,90
64880,90
64890,90
64900,90
64910,90
64920,90
64930,90
64940,90
64950,90
64960,90
64970,90
64980,90
64990,90
65000,90
65010,90
65020,90
65030,90
65040,90
65050,90
65060,90
65070,90
65080,90
65090,90
65100,90
65110,90
65120,90
65130,90
65140,90
65150,90
65160,90
65170,90
65180,90
65190,90
65200,90
65210,90
65220,90
65230,90
65240,90
65250,90
65260,90
65270,90
65280,90
65290,90
65300,90
65310,90
65320,90
65330,90
65340,90
65350,90
65360,90
65370,90
65380,90
65390,90
65400,90
65410,90
65420,90
65430,90
65440,90
65450,90
65460,90
65470,90
65480,90
65490,90
65500,90
65510,90
65520,90
65530,90
65540,90
65550,90
65560,90
65570,90
65580,90
65590,90
65600,90
65610,90
65620,90
65630,90
65640,90
65650,90
65660,90
65670,90
65680,90
65690,90
65700,90
65710,90
65720,90
65730,90
65740,90
65750,90
65760,90
65770,90
65780,90
65790,90
65800,90
65810,90
65820,90
65830,90
65840,90
65850,90
65860,90
65870,90
65880,90
65890,90
65900,90
65910,90
65920,90
65930,90
65940,90
65950,90
65960,90
65970,90
65980,90
65990,90
66000,90
66010,90
66020,90
66030,90
66040,90
66050,90
66060,90
66070,90
66080,90
66090,90
66100,90
66110,90
66120,90
66130,90
66140,90
66150,90
66160,90
66170,90
66180,90
66190,90
66200,90
66210,90
66220,90
66230,90
66240,90
66250,90
66260,90
66270,90
66280,90
66290,90
66300,90
66310,90
66320,90
66330,90
66340,90
66350,90
66360,90
66370,90
66380,90
66390,90
66400,90
66410,90
66420,90
66430,90
66440,90
66450,90
66460,90
66470,90
66480,90
66490,90
66500,90
66510,90
66520,90
66530,90
66540,90
66550,90
66560,90
66570,90
66580,90
66590,90
66600,90
66610,90
66620,90
66630,90
66640,90
66650,90
66660,90
66670,90
66680,90
66690,90
66700,90
66710,90
66720,90
66730,90
66740,90
66750,90
66760,90
66770,90
66780,90
66790,90
66800,90
66810,90
66820,90
66830,90
66840,90
66850,90
66860,90
66870,90
66880,90
66890,90
66900,90
66910,90
66920,90
66930,90
66940,90
66950,90
66960,90
66970,90
66980,90
66990,90
67000,90
67010,90
67020,90
67030,90
67040,90
67050,90
67060,90
67070,90
67080,90
67090,90
67100,90
67110,90
67120,90
67130,90
67140,90
67150,90
67160,90
67170,90
67180,90
67190,90
67200,90
67210,90
67220,90
67230,90
67240,90
67250,90
67260,90
67270,90
67280,90
67290,90
67300,90
67310,90
67320,90
67330,90
67340,90
67350,90
67360,90
67370,90
67380,90
67390,90
67400,90
67410,90
67420,90
67430,90
67440,90
67450,90
67460,90
67470,90
67480,90
67490,90
67500,90
67510,90
67520,90
67530,90
67540,90
67550,90
67560,90
67570,90
67580,90
67590,90
67600,90
67610,90
67620,90
67630,90
67640,90
67650,90
67660,90
67670,90
67680,90
67690,90
67700,90
67710,90
67720,90
67730,90
67740,90
67750,90
67760,90
67770,90
67780,90
67790,90
67800,90
67810,90
67820,90
67830,90
67840,90
67850,90
67860,90
67870,90
67880,90
67890,90
67900,90
67910,90
67920,90
67930,90
67940,90
67950,90
67960,91
67970,91
67980,91
67990,91
68000,91
68010,91
68020,91
68030,91
68040,91
68050,91
68060,91
68070,91
68080,91
68090,91
68100,91
68110,91
68120,91
68130,91
68140,91
68150,91
68160,91
68170,91
68180,91
68190,91
68200,91
68210,91
68220,91
68230,91
68240,91
68250,91
68260,91
68270,91
68280,91
68290,91
68300,91
68310,91
68320,91
68330,91
68340,91
68350,91
68360,91
68370,91
68380,91
68390,91
68400,91
68410,91
68420,91
68430,91
68440,91
68450,91
68460,91
68470,91
68480,91
68490,91
68500,91
68510,91
68520,91
68530,91
68540,91
68550,91
68560,91
68570,91
68580,91
68590,91
68600,91
68610,91
68620,91
68630,91
68640,91
68650,91
68660,91
68670,91
68680,91
68690,91
68700,91
68710,91
68720,91
68730,91
68740,91
68750,91
68760,91
68770,91
68780,91
68790,91
68800,91
68810,91
68820,91
68830,91
68840,91
68850,91
68860,91
68870,91
68880,91
68890,91
68900,91
68910,91
68920,91
68930,91
68940,91
68950,91
68960,91
68970,91
68980,91
68990,91
69000,91
69010,91
69020,91
69030,91
69040,91
69050,91
69060,91
69070,91
69080,91
69090,91
69100,91
69110,91
69120,91
69130,91
69140,91
69150,91
69160,91
69170,91
69180,91
69190,91
69200,91
69210,91
69220,91
69230,91
69240,91
69250,91
69260,91
69270,91
69280,91
69290,91
69300,91
69310,91
69320,91
69330,91
69340,91
69350,91
69360,91
69370,91
69380,91
69390,91
69400,91
69410,91
69420,91
69430,91
69440,91
69450,91
69460,91
69470,91
69480,91
69490,91
69500,91
69510,91
69520,91
69530,91
69540,91
69550,91
69560,91
69570,91
69580,91
69590,91
69600,91
69610,91
69620,91
69630,91
69640,91
69650,91
69660,91
69670,91
69680,91
69690,91
69700,91
69710,91
69720,91
69730,91
69740,91
69750,91
69760,91
69770,91
69780,91
69790,91
69800,91
69810,91
69820,91
69830,91
69840,91
69850,91
69860,91
69870,91
69880,91
69890,91
69900,91
69910,91
69920,91
69930,91
69940,91
69950,91
69960,91
69970,91
69980,91
69990,91
70000,91
70010,91
70020,91
70030,91
70040,91
70050,91
70060,91
70070,91
70080,91
70090,91
70100,91
70110,91
70120,91
70130,91
70140,91
70150,91
70160,91
70170,91
70180,91
70190,91
70200,91
70210,91
70220,91
70230,91
70240,91
70250,91
70260,91
70270,91
70280,91
70290,91
70300,91
70310,91
70320,91
70330,91
70340,91
70350,91
70360,91
70370,91
70380,91
70390,91
70400,91
70410,91
70420,91
70430,91
70440,91
70450,91
70460,91
70470,91
70480,91
70490,91
70500,91
70510,91
70520,91
70530,91
70540,91
70550,91
70560,91
70570,91
70580,91
70590,91
70600,91
70610,91
70620,91
70630,91
70640,91
70650,91
70660,91
70670,91
70680,91
70690,91
70700,91
70710,91
70720,91
70730,91
70740,91
70750,91
70760,91
70770,91
70780,91
70790,91
70800,91
70810,91
70820,91
70830,91
70840,91
70850,91
70860,91
70870,91
70880,91
70890,91
70900,91
70910,91
70920,91
70930,91
70940,91
70950,91
70960,91
70970,91
70980,91
70990,91
71000,91
71010,91
71020,91
71030,91
71040,91
71050,91
71060,91
71070,91
71080,91
71090,91
71100,91
71110,91
71120,91
71130,91
71140,91
71150,91
71160,91
71170,91
71180,91
71190,91
71200,91
71210,91
71220,91
71230,91
71240,91
71250,91
71260,91
71270,91
71280,91
71290,91
71300,91
71310,100
71320,100
71330,100
71340,100
71350,100
71360,100
71370,100
71380,100
71390,100
71400,100
71410,100
71420,100
71430,100
71440,100
71450,100
71460,100
71470,100
71480,100
71490,100
71500,100
71510,100
71520,100
71530,100
71540,100
71550,100
71560,100
71570,100
71580,100
71590,100
71600,100
71610,100
71620,100
71630,100
71640,100
71650,100
71660,100
71670,100
71680,100
71690,100
71700,100
71710,100
71720,100
71730,100
71740,100
71750,100
71760,100
71770,100
71780,100
71790,100
71800,100
71810,100
71820,100
71830,100
71840,100
71850,100
71860,100
71870,100
71880,100
71890,100
71900,100
71910,100
71920,100
71930,100
71940,100
71950,100
71960,100
71970,100
71980,100
71990,100
72000,100
72010,100
72020,100
72030,100
72040,100
72050,100
72060,100
72070,100
72080,100
72090,100
72100,100
72110,100
72120,100
72130,100
72140,100
72150,100
72160,100
72170,100
72180,100
72190,100
72200,100
72210,100
72220,100
72230,100
72240,100
72250,100
72260,100
72270,100
72280,100
72290,100
72300,100
72310,100
72320,100
72330,100
72340,100
72350,100
72360,100
72370,100
72380,100
72390,100
72400,100
72410,100
72420,100
72430,100
72440,100
72450,100
72460,100
72470,100
72480,100
72490,100
72500,100
72510,100
72520,100
72530,100
72540,100
72550,100
72560,100
72570,100
72580,100
72590,100
72600,100
72610,100
72620,100
72630,100
72640,100
72650,100
72660,100
72670,100
72680,100
72690,100
72700,100
72710,100
72720,100
72730,100
72740,100
72750,100
72760,100
72770,100
72780,100
72790,100
72800,100
72810,100
72820,100
72830,100
72840,100
72850,100
72860,100
72870,100
72880,100
72890,100
72900,100
72910,100
72920,100
72930,100
72940,100
72950,100
72960,100
72970,100
72980,100
72990,100
73000,100
73010,100
73020,100
73030,100
73040,100
73050,100
73060,100
73070,100
73080,100
73090,100
73100,100
73110,100
73120,100
73130,100
73140,100
73150,100
73160,100
73170,100
73180,100
73190,100
73200,100
73210,100
73220,100
73230,100
73240,100
73250,100
73260,100
73270,100
73280,100
73290,100
73300,100
73310,100
73320,100
73330,100
73340,100
73350,100
73360,100
73370,100
73380,100
73390,100
73400,100
73410,100
73420,100
73430,100
73440,100
73450,100
73460,100
73470,100
73480,100
73490,100
73500,100
73510,100
73520,100
73530,100
73540,100
73550,100
73560,100
73570,100
73580,100
73590,100
73600,100
73610,100
73620,100
73630,100
73640,100
73650,100
73660,100
73670,100
73680,100
73690,100
73700,100
73710,100
73720,100
73730,100
73740,100
73750,100
73760,100
73770,100
73780,100
73790,100
73800,100
73810,100
73820,100
73830,100
73840,100
73850,100
73860,100
73870,100
73880,100
73890,100
73900,100
73910,100
73920,100
73930,100
73940,100
73950,100
73960,100
73970,100
73980,100
73990,100
74000,100
74010,100
74020,100
74030,100
74040,100
74050,100
74060,100
74070,100
74080,100
74090,100
74100,100
74110,100
74120,100
74130,100
74140,100
74150,100
74160,100
74170,100
74180,100
74190,100
74200,100
74210,100
74220,100
74230,100
74240,100
74250,100
74260,100
74270,100
74280,100
74290,100
74300,100
74310,100
74320,100
74330,100
74340,100
74350,100
74360,100
74370,100
74380,100
74390,100
74400,100
74410,100
74420,100
74430,100
74440,100
74450,100
74460,100
74470,100
74480,100
74490,100
74500,100
74510,100
74520,100
74530,100
74540,100
74550,100
74560,100
74570,100
74580,100
74590,100
74600,100
74610,100
74620,100
74630,100
74640,100
74650,100
74660,100
74670,100
74680,100
74690,100
74700,100
74710,100
74720,100
74730,100
74740,100
74750,100
74760,100
74770,100
74780,100
74790,100
74800,100
74810,100
74820,100
74830,100
74840,100
74850,100
74860,100
74870,100
74880,100
74890,100
74900,100
74910,100
74920,100
74930,100
74940,100
74950,100
74960,100
74970,100
74980,100
74990,100
75000,100
75010,100
75020,100
75030,100
75040,100
75050,100
75060,100
75070,100
75080,100
75090,100
75100,100
75110,100
75120,100
75130,100
75140,100
75150,100
75160,100
75170,100
75180,100
75190,100
75200,100
75210,100
75220,100
75230,100
75240,100
75250,100
75260,100
75270,100
75280,100
75290,100
75300,100
75310,100
75320,100
75330,100
75340,100
75350,100
75360,100
75370,100
75380,100
75390,100
75400,100
75410,100
75420,100
75430,100
75440,100
75450,100
75460,100
75470,100
75480,100
75490,100
75500,100
75510,100
75520,100
75530,100
75540,100
75550,100
75560,100
75570,100
75580,100
75590,100
75600,100
75610,100
75620,100
75630,100
75640,100
75650,100
75660,100
75670,100
75680,100
75690,100
75700,100
75710,100
75720,100
75730,100
75740,100
75750,100
75760,100
75770,100
75780,100
75790,100
75800,100
75810,100
75820,100
75830,100
75840,100
75850,100
75860,100
75870,100
75880,100
75890,100
75900,100
75910,100
75920,100
75930,100
75940,100
75950,100
75960,100
75970,100
75980,100
75990,100
76000,100
76010,100
76020,100
76030,100
76040,100
76050,100
76060,100
76070,100
76080,100
76090,100
76100,100
76110,100
76120,100
76130,100
76140,100
76150,100
76160,100
76170,100
76180,100
76190,100
76200,100
76210,100
76220,100
76230,100
76240,100
76250,100
76260,100
76270,100
76280,100
76290,100
76300,100
76310,100
76320,100
76330,100
76340,100
76350,100
76360,100
76370,100
76380,100
76390,100
76400,100
76410,100
76420,100
76430,100
76440,100
76450,100
76460,100
76470,100
76480,100
76490,100
76500,100
76510,100
76520,100
76530,100
76540,100
76550,100
76560,100
76570,100
76580,100
76590,100
76600,100
76610,100
76620,100
76630,100
76640,100
76650,100
76660,100
76670,100
76680,100
76690,100
76700,100
76710,100
76720,100
76730,100
76740,100
76750,100
76760,100
76770,100
76780,100
76790,100
76800,100
76810,100
76820,100
76830,100
76840,100
76850,100
76860,100
76870,100
76880,100
76890,100
76900,100
76910,100
76920,100
76930,100
76940,100
76950,100
76960,100
76970,100
76980,100
76990,100
77000,100
77010,100
77020,100
77030,100
77040,100
77050,100
77060,100
77070,100
77080,100
77090,100
77100,100
77110,100
77120,100
77130,100
77140,100
77150,100
77160,100
77170,100
77180,100
77190,100
77200,100
77210,100
77220,100
77230,100
77240,100
77250,100
77260,100
77270,100
77280,100
77290,100
77300,100
77310,100
77320,100
77330,100
77340,100
77350,100
77360,100
77370,100
77380,100
77390,100
77400,100
77410,100
77420,100
77430,100
77440,100
77450,100
77460,100
77470,100
77480,100
77490,100
77500,100
77510,100
77520,100
77530,100
77540,100
77550,100
77560,100
77570,100
77580,100
77590,100
77600,100
77610,100
77620,100
77630,100
77640,100
77650,100
77660,100
77670,100
77680,100
77690,100
77700,100
77710,100
77720,100
77730,100
77740,100
77750,100
77760,100
77770,100
77780,100
77790,100
77800,100
77810,100
77820,100
77830,100
77840,100
77850,100
77860,100
77870,100
77880,100
77890,100
77900,100
77910,100
77920,100
77930,100
77940,100
77950,100
77960,100
77970,100
77980,100
77990,100
78000,100
78010,100
78020,100
78030,100
78040,100
78050,100
78060,100
78070,100
78080,100
78090,100
78100,100
78110,100
78120,100
78130,100
78140,100
78150,100
78160,100
78170,100
78180,100
78190,100
78200,100
78210,100
78220,100
78230,100
78240,100
78250,100
78260,100
78270,100
78280,100
78290,100
78300,100
78310,100
78320,100
78330,100
78340,100
78350,100
78360,100
78370,100
78380,100
78390,100
78400,100
78410,100
78420,100
78430,100
78440,100
78450,100
78460,100
78470,100
78480,100
78490,100
78500,100
78510,100
78520,100
78530,100
78540,100
78550,100
78560,100
78570,100
78580,100
78590,100
78600,100
78610,100
78620,100
78630,100
78640,100
78650,100
78660,100
78670,100
78680,100
78690,100
78700,100
78710,100
78720,100
78730,100
78740,100
78750,100
78760,100
78770,100
78780,100
78790,100
78800,100
78810,100
78820,100
78830,100
78840,100
78850,100
78860,100
78870,100
78880,100
78890,100
78900,100
78910,100
78920,100
78930,100
78940,100
78950,100
78960,100
78970,100
78980,100
78990,100
79000,100
79010,100
79020,100
79030,100
79040,100
79050,100
79060,100
79070,100
79080,100
79090,100
79100,100
79110,100
79120,100
79130,100
79140,100
79150,100
79160,100
79170,100
79180,100
79190,100
79200,100
79210,100
79220,100
79230,100
79240,100
79250,100
79260,100
79270,100
79280,100
79290,100
79300,100
79310,100
79320,100
79330,100
79340,100
79350,100
79360,100
79370,100
79380,100
79390,100
79400,100
79410,100
79420,100
79430,100
79440,100
79450,100
79460,100
79470,100
79480,100
79490,100
79500,100
79510,100
79520,100
79530,100
79540,100
79550,100
79560,100
79570,100
79580,100
79590,100
79600,100
79610,100
79620,100
79630,100
79640,100
79650,100
79660,100
79670,100
79680,100
79690,100
79700,100
79710,100
79720,100
79730,100
79740,100
79750,100
79760,100
79770,100
79780,100
79790,100
79800,100
79810,100
79820,100
79830,100
79840,100
79850,100
79860,100
79870,100
79880,100
79890,100
79900,100
79910,100
79920,100
79930,100
79940,100
79950,100
79960,100
79970,100
79980,100
79990,100
80000,100
80010,100
80020,100
80030,100
80040,100
80050,100
80060,100
80070,100
80080,100
80090,100
80100,100
80110,100
80120,100
80130,100
80140,100
80150,100
80160,100
80170,100
80180,100
80190,100
80200,100
80210,100
80220,100
80230,100
80240,100
80250,100
80260,100
80270,100
80280,100
80290,100
80300,100
80310,100
80320,100
80330,100
80340,100
80350,100
80360,100
80370,100
80380,100
80390,100
80400,100
80410,100
80420,100
80430,100
80440,100
80450,100
80460,100
80470,100
80480,100
80490,100
80500,100
80510,100
80520,100
80530,100
80540,100
80550,100
80560,100
80570,100
80580,100
80590,100
80600,100
80610,100
80620,100
80630,100
80640,100
80650,100
80660,100
80670,100
80680,100
80690,100
80700,100
80710,100
80720,100
80730,100
80740,100
80750,100
80760,100
80770,100
80780,100
80790,100
80800,100
80810,100
80820,100
80830,100
80840,100
80850,100
80860,100
80870,100
80880,100
80890,100
80900,100
80910,100
80920,100
80930,100
80940,100
80950,100
80960,100
80970,100
80980,100
80990,100
81000,100
81010,100
81020,100
81030,100
81040,100
81050,100
81060,100
81070,100
81080,100
81090,100
81100,100
81110,100
81120,100
81130,100
81140,100
81150,100
81160,100
81170,100
81180,100
81190,100
81200,100
81210,100
81220,100
81230,100
81240,100
81250,100
81260,100
81270,100
81280,100
81290,100
81300,100
81310,100
81320,100
81330,100
81340,100
81350,100
81360,100
81370,100
81380,100
81390,100
81400,100
81410,100
81420,100
81430,100
81440,100
81450,100
81460,100
81470,100
81480,100
81490,100
81500,100
81510,100
81520,100
81530,100
81540,100
81550,100
81560,100
81570,100
81580,100
81590,100
81600,100
81610,100
81620,100
81630,100
81640,100
81650,100
81660,100
81670,100
81680,100
81690,100
81700,100
81710,100
81720,100
81730,100
81740,100
81750,100
81760,101
81770,101
81780,101
81790,101
81800,101
81810,101
81820,101
81830,101
81840,101
81850,101
81860,101
81870,101
81880,101
81890,101
81900,101
81910,101
81920,101
81930,101
81940,101
81950,101
81960,101
81970,101
81980,101
81990,101
82000,101
82010,101
82020,101
82030,101
82040,101
82050,101
82060,101
82070,101
82080,101
82090,101
82100,101
82110,101
82120,101
82130,101
82140,101
82150,101
82160,101
82170,101
82180,101
82190,101
82200,101
82210,101
82220,101
82230,101
82240,101
82250,101
82260,101
82270,101
82280,101
82290,101
82300,101
82310,101
82320,101
82330,101
82340,101
82350,101
82360,101
82370,101
82380,101
82390,101
82400,101
82410,101
82420,101
82430,101
82440,101
82450,101
82460,101
82470,101
82480,101
82490,101
82500,101
82510,101
82520,101
82530,101
82540,101
82550,101
82560,101
82570,101
82580,101
82590,101
82600,101
82610,101
82620,101
82630,101
82640,101
82650,101
82660,101
82670,101
82680,101
82690,101
82700,101
82710,101
82720,101
82730,101
82740,101
82750,101
82760,101
82770,101
82780,101
82790,101
82800,101
82810,101
82820,101
82830,101
82840,101
82850,101
82860,101
82870,101
82880,101
82890,101
82900,101
82910,101
82920,101
82930,101
82940,101
82950,101
82960,101
82970,101
82980,101
82990,101
83000,101
83010,101
83020,101
83030,101
83040,101
83050,101
83060,101
83070,101
83080,101
83090,101
83100,101
83110,101
83120,101
83130,101
83140,101
83150,101
83160,101
83170,101
83180,101
83190,101
83200,101
83210,101
83220,101
83230,101
83240,101
83250,101
83260,101
83270,101
83280,101
83290,101
83300,101
83310,101
83320,101
83330,101
83340,101
83350,101
83360,101
83370,101
83380,101
83390,101
83400,101
83410,101
83420,101
83430,101
83440,101
83450,101
83460,101
83470,101
83480,101
83490,101
83500,101
83510,101
83520,101
83530,101
83540,101
83550,101
83560,101
83570,101
83580,101
83590,101
83600,101
83610,101
83620,101
83630,101
83640,101
83650,101
83660,101
83670,101
83680,101
83690,101
83700,101
83710,101
83720,101
83730,101
83740,101
83750,101
83760,101
83770,101
83780,101
83790,101
83800,101
83810,101
83820,101
83830,101
83840,101
83850,101
83860,101
83870,101
83880,101
83890,101
83900,101
83910,101
83920,101
83930,101
83940,101
83950,101
83960,101
83970,101
83980,101
83990,101
84000,101
84010,101
84020,101
84030,101
84040,101
84050,101
84060,101
84070,101
84080,101
84090,101
84100,101
84110,101
84120,101
84130,101
84140,101
84150,101
84160,101
84170,101
84180,101
84190,101
84200,101
84210,101
84220,101
84230,101
84240,101
84250,101
84260,110
84270,110
84280,110
84290,110
84300,110
84310,110
84320,110
84330,110
84340,110
84350,110
84360,110
84370,110
84380,110
84390,110
84400,110
84410,110
84420,110
84430,110
84440,110
84450,110
84460,110
84470,110
84480,110
84490,110
84500,110
84510,110
84520,110
84530,110
84540,110
84550,110
84560,110
84570,110
84580,110
84590,110
84600,110
84610,110
84620,110
84630,110
84640,110
84650,110
84660,110
84670,110
84680,110
84690,110
84700,110
84710,110
84720,110
84730,110
84740,110
84750,110
84760,110
84770,110
84780,110
84790,110
84800,110
84810,110
84820,110
84830,110
84840,110
84850,110
84860,110
84870,110
84880,110
84890,110
84900,110
84910,110
84920,110
84930,110
84940,110
84950,110
84960,110
84970,110
84980,110
84990,110
85000,110
85010,110
85020,110
85030,110
85040,110
85050,110
85060,110
85070,110
85080,110
85090,110
85100,110
85110,110
85120,110
85130,110
85140,110
85150,110
85160,110
85170,110
85180,110
85190,110
85200,110
85210,110
85220,110
85230,110
85240,110
85250,110
85260,110
85270,110
85280,110
85290,110
85300,110
85310,110
85320,110
85330,110
85340,110
85350,110
85360,110
85370,110
85380,110
85390,110
85400,110
85410,110
85420,110
85430,110
85440,110
85450,110
85460,110
85470,110
85480,110
85490,110
85500,110
85510,110
85520,110
85530,110
85540,110
85550,110
85560,110
85570,110
85580,110
85590,110
85600,110
85610,110
85620,110
85630,110
85640,110
85650,110
85660,110
85670,110
85680,110
85690,110
85700,110
85710,110
85720,110
85730,110
85740,110
85750,110
85760,110
85770,110
85780,110
85790,110
85800,110
85810,110
85820,110
85830,110
85840,110
85850,110
85860,110
85870,110
85880,110
85890,110
85900,110
85910,110
85920,110
85930,110
85940,110
85950,110
85960,110
85970,110
85980,110
85990,110
86000,110
86010,110
86020,110
86030,110
86040,110
86050,110
86060,110
86070,110
86080,110
86090,110
86100,110
86110,110
86120,110
86130,110
86140,110
86150,110
86160,110
86170,110
86180,110
86190,110
86200,110
86210,110
86220,110
86230,110
86240,110
86250,110
86260,110
86270,110
86280,110
86290,110
86300,110
86310,110
86320,110
86330,110
86340,110
86350,110
86360,110
86370,110
86380,110
86390,110
86400,110
86410,110
86420,110
86430,110
86440,110
86450,110
86460,110
86470,110
86480,110
86490,110
86500,110
86510,110
86520,110
86530,110
86540,110
86550,110
86560,110
86570,110
86580,110
86590,110
86600,110
86610,110
86620,110
86630,110
86640,110
86650,110
86660,110
86670,110
86680,110
86690,110
86700,110
86710,110
86720,110
86730,110
86740,110
86750,110
86760,110
86770,110
86780,110
86790,110
86800,110
86810,110
86820,110
86830,110
86840,110
86850,110
86860,110
86870,110
86880,110
86890,110
86900,110
86910,110
86920,110
86930,110
86940,110
86950,110
86960,110
86970,110
86980,110
86990,110
87000,110
87010,110
87020,110
87030,110
87040,110
87050,110
87060,110
87070,110
87080,110
87090,110
87100,110
87110,110
87120,110
87130,110
87140,110
87150,110
87160,110
87170,110
87180,110
87190,110
87200,110
87210,110
87220,110
87230,110
87240,110
87250,110
87260,110
87270,110
87280,110
87290,110
87300,110
87310,110
87320,110
87330,110
87340,110
87350,110
87360,110
87370,110
87380,110
87390,110
87400,110
87410,110
87420,110
87430,110
87440,110
87450,110
87460,110
87470,110
87480,110
87490,110
87500,110
87510,110
87520,110
87530,110
87540,110
87550,110
87560,110
87570,110
87580,110
87590,110
87600,110
87610,110
87620,110
87630,110
87640,110
87650,110
87660,110
87670,110
87680,110
87690,110
87700,110
87710,110
87720,110
87730,110
87740,110
87750,110
87760,110
87770,110
87780,110
87790,110
87800,110
87810,110
87820,110
87830,110
87840,110
87850,110
87860,110
87870,110
87880,110
87890,110
87900,110
87910,110
87920,110
87930,110
87940,110
87950,110
87960,110
87970,110
87980,110
87990,110
88000,110
88010,110
88020,110
88030,110
88040,110
88050,110
88060,110
88070,110
88080,110
88090,110
88100,110
88110,110
88120,110
88130,110
88140,110
88150,110
88160,110
88170,110
88180,110
88190,110
88200,110
88210,110
88220,110
88230,110
88240,110
88250,110
88260,110
88270,110
88280,110
88290,110
88300,110
88310,110
88320,110
88330,110
88340,110
88350,110
88360,110
88370,110
88380,110
88390,110
88400,110
88410,110
88420,110
88430,110
88440,110
88450,110
88460,110
88470,110
88480,110
88490,110
88500,110
88510,110
88520,110
88530,110
88540,110
88550,110
88560,110
88570,110
88580,110
88590,110
88600,110
88610,110
88620,110
88630,110
88640,110
88650,110
88660,110
88670,110
88680,110
88690,110
88700,110
88710,110
88720,110
88730,110
88740,110
88750,110
88760,110
88770,110
88780,110
88790,110
88800,110
88810,110
88820,110
88830,110
88840,110
88850,110
88860,110
88870,110
88880,110
88890,110
88900,110
88910,110
88920,110
88930,110
88940,110
88950,110
88960,110
88970,110
88980,110
88990,110
89000,110
89010,110
89020,110
89030,110
89040,110
89050,110
89060,110
89070,110
89080,110
89090,110
89100,110
89110,110
89120,110
89130,110
89140,110
89150,110
89160,110
89170,110
89180,110
89190,110
89200,110
89210,110
89220,110
89230,110
89240,110
89250,110
89260,110
89270,110
89280,110
89290,110
89300,110
89310,110
89320,110
89330,110
89340,110
89350,110
89360,110
89370,110
89380,110
89390,110
89400,110
89410,110
89420,110
89430,110
89440,110
89450,110
89460,110
89470,110
89480,110
89490,110
89500,110
89510,110
89520,110
89530,110
89540,110
89550,110
89560,110
89570,110
89580,110
89590,110
89600,110
89610,110
89620,110
89630,110
89640,110
89650,110
89660,110
89670,110
89680,110
89690,110
89700,110
89710,110
89720,110
89730,110
89740,110
89750,110
89760,110
89770,110
89780,110
89790,110
89800,110
89810,110
89820,110
89830,110
89840,110
89850,110
89860,110
89870,110
89880,110
89890,110
89900,110
89910,110
89920,110
89930,110
89940,110
89950,110
89960,110
89970,110
89980,110
89990,110
90000,110
90010,110
90020,110
90030,110
90040,110
90050,110
90060,110
90070,110
90080,110
90090,110
90100,110
90110,110
90120,110
90130,110
90140,110
90150,110
90160,110
90170,110
90180,110
90190,110
90200,110
90210,110
90220,110
90230,110
90240,110
90250,110
90260,110
90270,110
90280,110
90290,110
90300,110
90310,110
90320,110
90330,110
90340,110
90350,110
90360,110
90370,110
90380,110
90390,110
90400,110
90410,110
90420,110
90430,110
90440,110
90450,110
90460,110
90470,110
90480,110
90490,110
90500,110
90510,110
90520,110
90530,110
90540,110
90550,110
90560,110
90570,110
90580,110
90590,110
90600,110
90610,110
90620,110
90630,110
90640,110
90650,110
90660,110
90670,110
90680,110
90690,110
90700,110
90710,110
90720,110
90730,110
90740,110
90750,110
90760,110
90770,110
90780,110
90790,110
90800,110
90810,110
90820,110
90830,110
90840,110
90850,110
90860,110
90870,110
90880,110
90890,110
90900,110
90910,110
90920,110
90930,110
90940,110
90950,110
90960,110
90970,110
90980,110
90990,110
91000,110
91010,110
91020,110
91030,110
91040,110
91050,110
91060,110
91070,110
91080,110
91090,110
91100,110
91110,110
91120,110
91130,110
91140,110
91150,110
91160,110
91170,110
91180,110
91190,110
91200,110
91210,110
91220,110
91230,110
91240,110
91250,110
91260,110
91270,110
91280,110
91290,110
91300,110
91310,110
91320,110
91330,110
91340,110
91350,110
91360,110
91370,110
91380,110
91390,110
91400,110
91410,110
91420,110
91430,110
91440,110
91450,110
91460,110
91470,110
91480,110
91490,110
91500,110
91510,110
91520,110
91530,110
91540,110
91550,110
91560,110
91570,110
91580,110
91590,110
91600,110
91610,110
91620,110
91630,110
91640,110
91650,110
91660,110
91670,110
91680,110
91690,110
91700,110
91710,110
91720,110
91730,110
91740,110
91750,110
91760,110
91770,110
91780,110
91790,110
91800,110
91810,110
91820,110
91830,110
91840,110
91850,110
91860,110
91870,110
91880,110
91890,110
91900,110
91910,110
91920,110
91930,110
91940,110
91950,110
91960,110
91970,110
91980,110
91990,110
92000,110
92010,110
92020,110
92030,110
92040,110
92050,110
92060,110
92070,110
92080,110
92090,110
92100,110
92110,110
92120,110
92130,110
92140,110
92150,110
92160,110
92170,110
92180,110
92190,110
92200,110
92210,110
92220,110
92230,110
92240,110
92250,110
92260,110
92270,110
92280,110
92290,110
92300,110
92310,110
92320,110
92330,110
92340,110
92350,110
92360,110
92370,110
92380,110
92390,110
92400,110
92410,110
92420,110
92430,110
92440,110
92450,110
92460,110
92470,110
92480,110
92490,110
92500,110
92510,110
92520,110
92530,110
92540,110
92550,110
92560,110
92570,110
92580,110
92590,110
92600,110
92610,110
92620,110
92630,110
92640,110
92650,110
92660,110
92670,110
92680,110
92690,110
92700,110
92710,110
92720,110
92730,110
92740,110
92750,110
92760,110
92770,110
92780,110
92790,110
92800,110
92810,110
92820,110
92830,110
92840,110
92850,110
92860,110
92870,110
92880,110
92890,110
92900,110
92910,110
92920,110
92930,110
92940,110
92950,110
92960,110
92970,110
92980,110
92990,110
93000,110
93010,110
93020,110
93030,110
93040,110
93050,110
93060,110
93070,110
93080,110
93090,110
93100,110
93110,110
93120,110
93130,110
93140,110
93150,110
93160,110
93170,110
93180,110
93190,110
93200,110
93210,110
93220,110
93230,110
93240,110
93250,110
93260,110
93270,110
93280,110
93290,110
93300,110
93310,110
93320,110
93330,110
93340,110
93350,110
93360,110
93370,110
93380,110
93390,110
93400,110
93410,110
93420,110
93430,110
93440,110
93450,110
93460,110
93470,110
93480,110
93490,110
93500,110
93510,110
93520,110
93530,110
93540,110
93550,110
93560,110
93570,110
93580,110
93590,110
93600,110
93610,110
93620,110
93630,110
93640,110
93650,110
93660,110
93670,110
93680,110
93690,110
93700,110
93710,110
93720,110
93730,110
93740,110
93750,110
93760,110
93770,110
93780,110
93790,110
93800,110
93810,110
93820,110
93830,110
93840,110
93850,110
93860,110
93870,110
93880,110
93890,110
93900,110
93910,110
93920,110
93930,110
93940,110
93950,110
93960,110
93970,110
93980,110
93990,110
94000,110
94010,110
94020,110
94030,110
94040,110
94050,110
94060,110
94070,110
94080,110
94090,110
94100,110
94110,110
94120,110
94130,110
94140,110
94150,110
94160,110
94170,110
94180,110
94190,110
94200,110
94210,110
94220,110
94230,110
94240,110
94250,110
94260,110
94270,110
94280,110
94290,110
94300,110
94310,110
94320,110
94330,110
94340,110
94350,110
94360,110
94370,110
94380,110
94390,110
94400,110
94410,110
94420,110
94430,110
94440,110
94450,110
94460,110
94470,110
94480,110
94490,110
94500,110
94510,110
94520,110
94530,110
94540,110
94550,110
94560,110
94570,110
94580,110
94590,110
94600,110
94610,110
94620,110
94630,110
94640,110
94650,110
94660,110
94670,110
94680,110
94690,110
94700,110
94710,110
94720,110
94730,110
94740,110
94750,110
94760,110
94770,110
94780,110
94790,110
94800,110
94810,110
94820,110
94830,110
94840,110
94850,110
94860,110
94870,110
94880,110
94890,110
94900,110
94910,110
94920,110
94930,110
94940,110
94950,110
94960,110
94970,110
94980,110
94990,110
95000,110
95010,110
95020,110
95030,110
95040,110
95050,110
95060,110
95070,110
95080,110
95090,110
95100,110
95110,110
95120,110
95130,110
95140,110
95150,110
95160,110
95170,110
95180,110
95190,110
95200,110
95210,110
95220,110
95230,110
95240,110
95250,110
95260,110
95270,110
95280,110
95290,110
95300,110
95310,110
95320,110
95330,110
95340,110
95350,110
95360,110
95370,110
95380,110
95390,110
95400,110
95410,110
95420,110
95430,110
95440,110
95450,110
95460,110
95470,110
95480,110
95490,110
95500,110
95510,110
95520,110
95530,110
95540,110
95550,110
95560,110
95570,110
95580,110
95590,110
95600,110
95610,111
95620,111
95630,111
95640,111
95650,111
95660,111
95670,111
95680,111
95690,111
95700,111
95710,111
95720,111
95730,111
95740,111
95750,111
95760,111
95770,111
95780,111
95790,111
95800,111
95810,111
95820,111
95830,111
95840,111
95850,111
95860,111
95870,111
95880,111
95890,111
95900,111
95910,111
95920,111
95930,111
95940,111
95950,111
95960,111
95970,111
95980,111
95990,111
96000,111
96010,111
96020,111
96030,111
96040,111
96050,111
96060,111
96070,111
96080,111
96090,111
96100,111
96110,111
96120,111
96130,111
96140,111
96150,111
96160,111
96170,111
96180,111
96190,111
96200,111
96210,111
96220,111
96230,111
96240,111
96250,111
96260,111
96270,111
96280,111
96290,111
96300,111
96310,111
96320,111
96330,111
96340,111
96350,111
96360,111
96370,111
96380,111
96390,111
96400,111
96410,111
96420,111
96430,111
96440,111
96450,111
96460,111
96470,111
96480,111
96490,111
96500,111
96510,111
96520,111
96530,111
96540,111
96550,111
96560,111
96570,111
96580,111
96590,111
96600,111
96610,111
96620,111
96630,111
96640,111
96650,111
96660,111
96670,111
96680,111
96690,111
96700,111
96710,111
96720,111
96730,111
96740,111
96750,111
96760,111
96770,111
96780,111
96790,111
96800,111
96810,111
96820,111
96830,111
96840,111
96850,111
96860,111
96870,111
96880,111
96890,111
96900,111
96910,111
96920,111
96930,111
96940,111
96950,111
96960,111
96970,111
96980,111
96990,111
97000,111
97010,111
97020,111
97030,111
97040,111
97050,111
97060,111
97070,111
97080,111
97090,111
97100,111
97110,111
97120,111
97130,111
97140,111
97150,111
97160,111
97170,111
97180,111
97190,111
97200,111
97210,111
97220,111
97230,111
97240,111
97250,111
97260,111
97270,111
97280,111
97290,111
97300,111
97310,111
97320,111
97330,111
97340,111
97350,111
97360,111
97370,111
97380,111
97390,111
97400,111
97410,111
97420,111
97430,111
97440,111
97450,111
97460,111
97470,111
97480,111
97490,111
97500,111
97510,111
97520,111
97530,111
97540,111
97550,111
97560,111
97570,111
97580,111
97590,111
97600,111
97610,111
97620,111
97630,111
97640,111
97650,111
97660,111
97670,111
97680,111
97690,111
97700,111
97710,111
97720,111
97730,111
97740,111
97750,111
97760,111
97770,111
97780,111
97790,111
97800,111
97810,111
97820,111
97830,111
97840,111
97850,111
97860,111
97870,111
97880,111
97890,111
97900,111
97910,111
97920,111
97930,111
97940,111
97950,111
97960,111
97970,111
97980,111
97990,111
98000,111
98010,111
98020,111
98030,111
98040,111
98050,111
98060,111
98070,111
98080,111
98090,111
98100,111
98110,111
98120,111
98130,111
98140,111
98150,111
98160,111
98170,111
98180,111
98190,111
98200,111
98210,111
98220,111
98230,111
98240,111
98250,111
98260,111
98270,111
98280,111
98290,111
98300,111
98310,111
98320,111
98330,111
98340,111
98350,111
98360,111
98370,111
98380,111
98390,111
98400,111
98410,111
98420,111
98430,111
98440,111
98450,111
98460,111
98470,111
98480,111
98490,111
98500,111
98510,111
98520,111
98530,111
98540,111
98550,111
98560,111
98570,111
98580,111
98590,120
98600,120
98610,120
98620,120
98630,120
98640,120
98650,120
98660,120
98670,120
98680,120
98690,120
98700,120
98710,120
98720,120
98730,120
98740,120
98750,120
98760,120
98770,120
98780,120
98790,120
98800,120
98810,120
98820,120
98830,120
98840,120
98850,120
98860,120
98870,120
98880,120
98890,120
98900,120
98910,120
98920,120
98930,120
98940,120
98950,120
98960,120
98970,120
98980,120
98990,120
99000,120
99010,120
99020,120
99030,121
99040,121
99050,121
99060,121
99070,121
99080,121
99090,121
99100,121
99110,121
99120,121
99130,121
99140,121
99150,130
99160,130
99170,130
99180,130
99190,130
99200,130
99210,130
99220,130
99230,130
99240,130
99250,130
99260,130
99270,130
99280,130
99290,130
99300,130
99310,130
99320,130
99330,130
99340,130
99350,130
99360,130
99370,130
99380,130
99390,130
99400,130
99410,130
99420,130
99430,130
99440,130
99450,130
99460,130
99470,130
99480,130
99490,130
99500,131
99510,131
99520,131
99530,131
99540,131
99550,131
99560,131
99570,131
99580,131
99590,131
99600,131
99610,131
99620,140
99630,140
99640,140
99650,140
99660,140
99670,140
99680,140
99690,140
99700,140
99710,141
99720,141
99730,141
99740,141
99750,141
99760,150
99770,150
99780,150
99790,150
99800,151
99810,160
99820,170
99830,171
99840,310
99850,3106
99860,3136
99870,3156
99880,3176
99890,3186
99900,3196
99910,3206
99920,3226
99930,3246
99940,3266
99950,3286
99960,3337
99970,3446
99980,5370
99990,8586
